T_K,P_atm,P_bar,massf1,massf2,matf_rho_kg_m3,matf_h_J_kg,matf_cp_J_kgK,matf_mu_Pa_s,matf_kappa_W_mK,matf_sigma_S_m
300.0,0.1,0.101325,0.0,0.0,0.16442012166666664,963.69,520.35,2.2681999999999997e-05,0.017705000000000002,1.6134e-05
500.0,0.1,0.101325,0.0,0.0,0.09865305091666667,105030.0,520.35,3.3924e-05,0.026480000000000004,2.2905999999999997e-05
700.0,0.1,0.101325,0.0,0.0,0.07046647125,209100.0,520.35,4.3329000000000005e-05,0.033821,2.9748e-05
900.0,0.1,0.101325,0.0,0.0,0.054807688083333334,313170.0,520.35,5.1201999999999995e-05,0.039967,3.1432999999999995e-05
1100.0,0.1,0.101325,0.0,0.0,0.04484237433333333,417240.0,520.35,5.871599999999999e-05,0.045833,2.9843000000000002e-05
1300.0,0.1,0.101325,0.0,0.0,0.03794318158333333,521309.99999999994,520.35,6.5e-05,0.050738995583333335,2.3573999999999998e-05
1500.0,0.1,0.101325,0.0,0.0,0.03288403316666667,625389.9558333333,520.3699558333334,7.0767e-05,0.05524997791666667,1.8334e-05
1700.0,0.1,0.101325,0.0,0.0,0.029015409333333336,729469.9558333333,520.4597350000001,7.6653e-05,0.059907845416666675,1.5147004416666667e-05
1900.0,0.1,0.101325,0.0,0.0,0.02596150033333333,833579.8674999999,520.7093375000001,8.353999999999999e-05,0.06546655833333333,1.389801325e-05
2100.0,0.1,0.101325,0.0,0.0,0.023488157083333332,937739.7791666667,520.8297791666668,9.0474e-05,0.07092005741666667,1.2733017666666668e-05
2300.0,0.1,0.101325,0.0,0.0,0.021446440666666663,1041899.5583333335,520.500795,9.5817e-05,0.07488349466666668,1.0612008833333334e-05
2500.0,0.1,0.101325,0.0,0.0,0.019730008416666663,1146000.0,520.380265,0.00010112,0.07895414575,9.085501766666667e-06
2700.0,0.1,0.101325,0.0,0.0,0.018268893083333328,1250000.0,520.3600441666667,0.00010655999999999998,0.08319203091666666,8.007500441666666e-06
2900.0,0.1,0.101325,0.0,0.0,0.017008423333333335,1354100.0,520.36,0.00011237,0.08772800883333333,1.8343400675e-05
3100.0,0.1,0.101325,0.0,0.0,0.01591107358333333,1458200.0,520.36,0.00011809,0.09219300441666667,0.00013890256908333332
3300.0,0.1,0.101325,0.0,0.0,0.014947459583333333,1562200.0,520.36,0.00012319999999999999,0.096185,0.0008069839883333334
3500.0,0.1,0.101325,0.0,0.0,0.014093289833333331,1666300.0,520.36,0.00012826,0.10014,0.003840600125
3700.0,0.1,0.101325,0.0,0.0,0.013331330249999999,1770400.0,520.36,0.00013332000000000003,0.10408000000000002,0.015473756258333336
3900.0,0.1,0.101325,0.0,0.0,0.012647390916666664,1874500.0,520.36,0.00013841,0.10805999999999999,0.05417413608333334
4100.0,0.1,0.101325,0.0,0.0,0.012030321666666666,1978500.0,520.36,0.00014344,0.11199995583333333,0.16765922083333334
4300.0,0.1,0.101325,0.0,0.0,0.01147100325,2082600.0000000005,520.3799558333333,0.0001483,0.11579995583333334,0.46511259499999996
4500.0,0.1,0.101325,0.0,0.0,0.010961338499999999,2186700.0,520.4198675,0.00015311,0.11957991166666666,1.1754094041666667
4700.0,0.1,0.101325,0.0,0.0,0.010495234666666665,2290800.0,520.4996908333334,0.00015788,0.12336977916666668,2.732304816666667
4900.0,0.1,0.101325,0.0,0.0,0.010066435216666668,2394900.0,520.6792933333334,0.00016261999999999998,0.12721942583333334,5.884888575000001
5100.0,0.1,0.101325,0.0,0.0,0.009671674783333332,2500099.558333333,521.5485866666667,0.00016732,0.1312888516666667,11.799640383333333
5300.0,0.1,0.101325,0.0,0.0,0.009306601691666666,2604199.116666666,520.2872175,0.00017195,0.13526788,22.121346749999997
5500.0,0.1,0.101325,0.0,0.0,0.008968176191666665,2708198.675,520.1149208333335,0.00017654999999999998,0.1396962016666667,38.945917
5700.0,0.1,0.101325,0.0,0.0,0.008653358533333334,2812396.908333333,521.1711225,0.00018110999999999998,0.14459364000000002,64.73390083333334
5900.0,0.1,0.101325,0.0,0.0,0.008359823541666665,2916794.6999999997,523.7149833333333,0.00018562004416666666,0.150209665,102.19308733333334
6100.0,0.1,0.101325,0.0,0.0,0.008085336766666666,3021990.725,528.1254875,0.00019010999999999998,0.15685365833333337,154.05410916666668
6300.0,0.1,0.101325,0.0,0.0,0.007828179216666665,3128184.983333333,534.9612216666667,0.00019455004416666665,0.1649647366666667,222.72356000000002
6500.0,0.1,0.101325,0.0,0.0,0.007586523508333333,3236174.825,544.9404191666669,0.00019896004416666664,0.17502201666666667,309.7147258333334
6700.0,0.1,0.101325,0.0,0.0,0.007358858599999999,3346460.25,559.0507391666666,0.0002033201325,0.18751514500000005,415.22533583333336
6900.0,0.1,0.101325,0.0,0.0,0.007143958875,3460138.6083333334,578.4694433333333,0.00020764022083333332,0.2027943866666667,537.9270058333333
7100.0,0.1,0.101325,0.0,0.0,0.0069403177083333335,3578406.8083333336,604.6832191666667,0.00021191035333333334,0.22108071333333335,675.2425883333334
7300.0,0.1,0.101325,0.0,0.0,0.006747012574999999,3702662.2,639.4480033333333,0.0002161206183333333,0.2426652291666667,823.8037433333334
7500.0,0.1,0.101325,0.0,0.0,0.006562740383333333,3834900.366666666,684.8591141666667,0.00022024106,0.2674090825,980.0983766666667
7700.0,0.1,0.101325,0.0,0.0,0.006386583025000001,3977615.566666667,743.3112516666666,0.0002242517225,0.2952928475,1140.9798449999998
7900.0,0.1,0.101325,0.0,0.0,0.006217432108333333,4133502.0583333336,817.5383208333334,0.00022810282666666667,0.32635652416666666,1303.7878833333334
8100.0,0.1,0.101325,0.0,0.0,0.0060543739416666666,4306052.333333334,910.62352,0.00023173450500000003,0.36070971500000004,1466.828075
8300.0,0.1,0.101325,0.0,0.0,0.005896404108333333,4499556.233333332,1025.9893849999999,0.00023503711083333332,0.39854136,1628.7956499999996
8500.0,0.1,0.101325,0.0,0.0,0.005742513775,4718803.158333333,1167.3776566666668,0.00023791095333333331,0.440130355,1789.1844250000001
8700.0,0.1,0.101325,0.0,0.0,0.0055917892500000005,4969281.625000001,1338.8993691666667,0.0002402162975,0.4857954633333333,1947.5891000000001
8900.0,0.1,0.101325,0.0,0.0,0.00544342965,5257676.616666666,1544.94485,0.00024176380583333334,0.5358954041666667,2104.2043750000003
9100.0,0.1,0.101325,0.0,0.0,0.005297014658333333,5591272.233333334,1790.0051333333333,0.00024237378750000002,0.5908091175,2258.9276
9300.0,0.1,0.101325,0.0,0.0,0.005150761058333333,5978549.924999999,2078.8700166666663,0.0002418267725,0.6509655433333333,2412.254358333333
9500.0,0.1,0.101325,0.0,0.0,0.005004235283333333,6428590.258333333,2416.5289,0.00023993298166666668,0.7166940191666666,2564.1842083333336
9700.0,0.1,0.101325,0.0,0.0,0.004856839983333333,6951870.266666667,2807.7725083333335,0.00023651268,0.788324015,2715.015383333334
9900.0,0.1,0.101325,0.0,0.0,0.004707769858333333,7559666.100000001,3256.9942166666665,0.00023142577916666663,0.86611531,2864.847441666667
10100.0,0.1,0.101325,0.0,0.0,0.004556613425,8263953.466666666,3768.0887249999996,0.00022460188166666665,0.9500883016666669,3013.8795
10300.0,0.1,0.101325,0.0,0.0,0.004402968033333334,9077506.75,4343.95515,0.0002160204133333333,1.0400441383333334,3162.112
10500.0,0.1,0.101325,0.0,0.0,0.004246720875,10013699.45,4985.700116666667,0.00020580031416666666,1.1356447633333335,3309.4458250000002
10700.0,0.1,0.101325,0.0,0.0,0.0040878719499999995,11085609.483333334,5691.739524999999,0.00019411048,1.236242915,3455.880533333333
10900.0,0.1,0.101325,0.0,0.0,0.003926810658333333,12305220.950000001,6457.102966666667,0.00018120945333333332,1.3403446,3601.21745
11100.0,0.1,0.101325,0.0,0.0,0.003764233908333333,13683523.25,7271.54035,0.00016741590916666667,1.44625715,3745.257016666667
11300.0,0.1,0.101325,0.0,0.0,0.0036008386083333332,15230511.083333332,8118.721899999999,0.00015311847833333333,1.5516891333333336,3887.600558333333
11500.0,0.1,0.101325,0.0,0.0,0.003437919016666666,16948211.833333336,8974.647433333334,0.00013865623333333334,1.6533524750000002,4028.147633333333
11700.0,0.1,0.101325,0.0,0.0,0.0032767693916666667,18835665.25,9806.943708333334,0.000124398335,1.7473613083333335,4166.300008333334
11900.0,0.1,0.101325,0.0,0.0,0.0031189959166666665,20883942.0,10575.062658333334,0.00011064451833333332,1.8294288833333332,4301.957683333333
12100.0,0.1,0.101325,0.0,0.0,0.0029662955,23077139.25,11233.962841666667,9.762586724999999e-05,1.895267566666667,4434.620658333334
12300.0,0.1,0.101325,0.0,0.0,0.0028201791833333332,25386393.916666664,11735.599283333333,8.55375805e-05,1.9407857499999999,4564.0893750000005
12500.0,0.1,0.101325,0.0,0.0,0.0026820496166666667,27775865.0,12036.092116666667,7.4517378e-05,1.9639834333333337,4690.162066666668
12700.0,0.1,0.101325,0.0,0.0,0.002553218725,30201733.583333336,12105.482858333331,6.463302383333333e-05,1.9638535500000003,4812.639174999999
12900.0,0.1,0.101325,0.0,0.0,0.0024342926916666664,32616171.916666668,11931.718066666666,5.5901419e-05,1.9416797583333334,4931.518933333334
13100.0,0.1,0.101325,0.0,0.0,0.0023259993416666668,34972330.16666667,11524.639625000002,4.8306477749999996e-05,1.900937766666667,5046.700016666667
13300.0,0.1,0.101325,0.0,0.0,0.0022280444166666667,37224327.58333333,10914.996666666668,4.178924683333333e-05,1.8463988666666669,5158.579775
13500.0,0.1,0.101325,0.0,0.0,0.002140344258333333,39336217.16666667,10151.47075,3.625546383333333e-05,1.7830347916666671,5267.156883333333
13700.0,0.1,0.101325,0.0,0.0,0.0020621187416666664,41284981.25000001,9290.3346,3.160385308333333e-05,1.7162186,5372.730016666667
13900.0,0.1,0.101325,0.0,0.0,0.0019925771416666664,43055553.583333336,8386.106433333334,2.772798433333333e-05,1.6504330666666667,5475.696083333333
14100.0,0.1,0.101325,0.0,0.0,0.001930830058333333,44643810.50000001,7487.777783333334,2.452025066666667e-05,1.5891667083333334,5576.4542
14300.0,0.1,0.101325,0.0,0.0,0.00187588235,46056597.41666667,6632.528958333333,2.18799215e-05,1.5348173166666668,5675.1043666666665
14500.0,0.1,0.101325,0.0,0.0,0.0018268371083333332,47303746.5,5845.743175,1.972318233333333e-05,1.4891901916666666,5772.044816666667
14700.0,0.1,0.101325,0.0,0.0,0.001782892125,48402089.916666664,5141.577408333334,1.7971117083333332e-05,1.4526977,5867.575108333333
14900.0,0.1,0.101325,0.0,0.0,0.00174314475,49368486.333333336,4525.144283333334,1.6556703666666668e-05,1.4253522083333334,5961.797008333333
15100.0,0.1,0.101325,0.0,0.0,0.0017070879166666665,50219825.333333336,3996.1824833333335,1.5421875833333335e-05,1.406669175,6054.910075
15300.0,0.1,0.101325,0.0,0.0,0.0016740158833333334,50974000.91666667,3549.9351083333336,1.4518540833333329e-05,1.3960609666666668,6147.11475
15500.0,0.1,0.101325,0.0,0.0,0.0016435198166666666,51645960.08333333,3179.129358333333,1.3805566166666664e-05,1.392738625,6238.313241666667
15700.0,0.1,0.101325,0.0,0.0,0.001615291325,52251654.25,2876.472116666667,1.3248823749999996e-05,1.3954127500000002,6328.70555
15900.0,0.1,0.101325,0.0,0.0,0.0015887237833333333,52802074.583333336,2634.947741666667,1.2820167833333334e-05,1.403289966666667,6418.192999999999
16100.0,0.1,0.101325,0.0,0.0,0.0015638079166666666,53310203.41666667,2448.4132083333334,1.2498470333333333e-05,1.4158742500000001,6506.577800000001
16300.0,0.1,0.101325,0.0,0.0,0.0015401384249999997,53786045.16666667,2311.9056166666664,1.2261634083333332e-05,1.4322691333333335,6593.761275
16500.0,0.1,0.101325,0.0,0.0,0.001517509125,54238613.083333336,2221.7421916666667,1.2094526583333332e-05,1.4520759416666669,6679.544308333334
16700.0,0.1,0.101325,0.0,0.0,0.0014959133916666665,54678911.583333336,2175.427791666667,1.19830595e-05,1.4745964416666668,6763.529108333333
16900.0,0.1,0.101325,0.0,0.0,0.0014749476916666665,55112953.916666664,2171.9544666666666,1.1914153333333333e-05,1.4995306333333334,6845.517441666668
17100.0,0.1,0.101325,0.0,0.0,0.00145460805,55551735.666666664,2211.208966666666,1.1877733e-05,1.5264763083333335,6924.911074999998
17300.0,0.1,0.101325,0.0,0.0,0.0014348900499999999,56001278.91666667,2294.3714166666664,1.1863741083333333e-05,1.5550321416666668,7001.112216666666
17500.0,0.1,0.101325,0.0,0.0,0.0014153923666666668,56472574.833333336,2423.5201749999997,1.1863133416666666e-05,1.5849981333333334,7073.6235166666675
17700.0,0.1,0.101325,0.0,0.0,0.001396310583333333,56975605.75,2601.5300666666662,1.1867870249999999e-05,1.6161720750000002,7141.547183333334
17900.0,0.1,0.101325,0.0,0.0,0.0013772442583333331,57518380.50000001,2831.977683333333,1.1868925083333333e-05,1.6481552916666669,7204.284983333334
18100.0,0.1,0.101325,0.0,0.0,0.0013582903000000002,58112877.0,3118.739175,1.1860262583333332e-05,1.6809451333333332,7260.74045
18300.0,0.1,0.101325,0.0,0.0,0.0013393473833333335,58770077.58333333,3465.6946666666668,1.1832878333333331e-05,1.7144407166666669,7310.21535
18500.0,0.1,0.101325,0.0,0.0,0.0013202146249999998,59503951.333333336,3876.3287,1.1780745833333333e-05,1.7485416000000003,7351.711450000001
18700.0,0.1,0.101325,0.0,0.0,0.0013007907,60326480.583333336,4353.529791666667,1.169785625e-05,1.7829477833333336,7384.430075
18900.0,0.1,0.101325,0.0,0.0,0.0012811734000000002,61251634.416666664,4898.895291666667,1.1579187499999998e-05,1.8175583833333335,7407.771666666667
19100.0,0.1,0.101325,0.0,0.0,0.001261062725,62292390.75,5512.232266666667,1.1419721916666664e-05,1.852074725,7421.235783333333
19300.0,0.1,0.101325,0.0,0.0,0.0012404573499999998,63462718.666666664,6191.058383333334,1.1217441833333334e-05,1.8865941583333334,7424.718891666667
19500.0,0.1,0.101325,0.0,0.0,0.0012194550666666665,64775600.5,6930.304116666667,1.0971311916666665e-05,1.92081845,7418.218783333335
19700.0,0.1,0.101325,0.0,0.0,0.0011978563166666666,66241031.83333334,7721.912308333333,1.0683296833333332e-05,1.9549484833333333,7402.229716666666
19900.0,0.1,0.101325,0.0,0.0,0.0011756593333333333,67870999.41666666,8554.63905,1.0355352416666665e-05,1.9886824916666666,7377.744183333334
20100.0,0.1,0.101325,0.0,0.0,0.0011530619083333334,69669520.91666666,9414.451033333335,9.992334941666665e-06,2.0222187083333334,7345.755558333333
20300.0,0.1,0.101325,0.0,0.0,0.0011299640416666667,71642618.41666667,10284.523783333334,9.600892733333333e-06,2.0553571333333336,7307.7545666666665
20500.0,0.1,0.101325,0.0,0.0,0.0011064644083333332,73790327.25,11145.739008333332,9.187474999999998e-06,2.0881973250000003,7265.332375
20700.0,0.1,0.101325,0.0,0.0,0.0010826612416666664,76106713.66666666,11977.281508333333,8.759639341666667e-06,2.120738841666667,7220.181033333332
20900.0,0.1,0.101325,0.0,0.0,0.0010586540999999998,78586843.91666667,12759.225925,8.3246491e-06,2.1529803583333336,7173.893475
21100.0,0.1,0.101325,0.0,0.0,0.001034740775,81215810.75,13469.649991666667,7.8895685e-06,2.1848232000000003,7128.064399999999
21300.0,0.1,0.101325,0.0,0.0,0.0010108321058333333,83978715.75,14089.610241666667,7.460574574999999e-06,2.2164651583333335,7084.0893916666655
21500.0,0.1,0.101325,0.0,0.0,0.00098721637,86855673.75,14602.149516666668,7.0431562833333325e-06,2.247708,7043.266683333333
21700.0,0.1,0.101325,0.0,0.0,0.0009639935674999998,89823795.16666666,14993.290341666667,6.641720691666666e-06,2.2786504,7006.4967166666665
21900.0,0.1,0.101325,0.0,0.0,0.0009413039633333332,92856216.91666667,15253.032716666667,6.259666033333333e-06,2.3092923583333334,6974.580816666667
22100.0,0.1,0.101325,0.0,0.0,0.0009192679108333332,95927045.00000001,15377.346166666668,5.8995121833333336e-06,2.339733875,6948.022516666666
22300.0,0.1,0.101325,0.0,0.0,0.0008979953658333333,99009389.83333333,15366.17725,5.562783433333333e-06,2.3698753916666666,6927.026675
22500.0,0.1,0.101325,0.0,0.0,0.0008775473883333333,102079339.75,15223.458833333334,5.250397891666666e-06,2.3998160250000002,6911.997708333334
22700.0,0.1,0.101325,0.0,0.0,0.0008579954358333333,105105991.91666669,14960.093749999998,4.962486033333333e-06,2.4297557750000003,6902.841358333335
22900.0,0.1,0.101325,0.0,0.0,0.0008393910541666667,108063425.83333334,14586.976000000002,4.698875241666667e-06,2.4596937583333336,6899.3642500000005
23100.0,0.1,0.101325,0.0,0.0,0.0008217346849999998,110941632.66666667,14120.990749999999,4.458895108333334e-06,2.489730416666667,6901.4708
23300.0,0.1,0.101325,0.0,0.0,0.0008050384925,113710683.08333333,13581.014333333333,4.241567716666667e-06,2.5201639833333336,6908.867191666667
23500.0,0.1,0.101325,0.0,0.0,0.0007892838899999999,116370506.41666667,12983.94075,4.045810733333333e-06,2.5508949000000003,6921.257841666666
23700.0,0.1,0.101325,0.0,0.0,0.0007744522908333332,118911080.58333334,12348.668416666666,3.870249775e-06,2.5823222833333337,6938.247166666668
23900.0,0.1,0.101325,0.0,0.0,0.0007605051966666666,121322370.25,11694.09575,3.7135002999999995e-06,2.6142461333333338,6959.537816666666
24100.0,0.1,0.101325,0.0,0.0,0.0007473937116666666,123594344.5,11035.1565,3.5742746749999995e-06,2.647065566666667,6984.733766666666
24300.0,0.1,0.101325,0.0,0.0,0.0007350589841666667,125736870.83333333,10385.802083333334,3.4510848249999994e-06,2.680681025,7013.436783333333
24500.0,0.1,0.101325,0.0,0.0,0.0007234620741666666,127749918.33333333,9757.594516666668,3.342539583333333e-06,2.715192066666667,7045.249958333332
24700.0,0.1,0.101325,0.0,0.0,0.0007125436883333332,129643319.16666667,9160.516133333333,3.2474442500000002e-06,2.7506991333333337,7079.97285
24900.0,0.1,0.101325,0.0,0.0,0.0007022341358333333,131417029.16666667,8602.073558333332,3.1644045666666666e-06,2.787202666666667,7117.207666666667
25100.0,0.1,0.101325,0.0,0.0,0.0006925039908333334,133090915.83333333,8087.682691666666,3.0923231833333332e-06,2.8246031083333336,7156.55485
25300.0,0.1,0.101325,0.0,0.0,0.0006832831208333332,134664935.00000003,7621.460758333334,3.0300018666666666e-06,2.863100016666667,7197.715283333334
25500.0,0.1,0.101325,0.0,0.0,0.0006745321441666666,136148954.16666666,7205.954133333333,2.976341058333333e-06,2.9024951583333336,7240.488525000001
25700.0,0.1,0.101325,0.0,0.0,0.0006661908841666666,137552973.33333334,6842.890641666667,2.930440758333333e-06,2.9427885333333337,7284.475458333334
25900.0,0.1,0.101325,0.0,0.0,0.0006582290316666666,138886904.1666667,6533.0201916666665,2.891398758333333e-06,2.9840805833333337,7329.4752
26100.0,0.1,0.101325,0.0,0.0,0.0006505959241666666,140170658.3333333,6276.5772333333325,2.8583146166666665e-06,3.0260730750000002,7375.188191666666
26300.0,0.1,0.101325,0.0,0.0,0.0006432517383333333,141404191.66666666,6073.498866666666,2.8302865666666666e-06,3.0689646833333337,7421.313991666666
26500.0,0.1,0.101325,0.0,0.0,0.0006361661650000001,142607460.0,5923.524841666666,2.806711516666667e-06,3.1124576166666666,7467.553041666666
26700.0,0.1,0.101325,0.0,0.0,0.0006293080116666667,143780419.16666666,5826.085191666666,2.7867877e-06,3.1567509916666667,7513.804016666667
26900.0,0.1,0.101325,0.0,0.0,0.000622637455,144943069.1666667,5780.805975,2.7700124666666665e-06,3.201546575,7559.7673583333335
27100.0,0.1,0.101325,0.0,0.0,0.0006161337,146095410.0,5787.210158333334,2.7554844916666665e-06,3.2468439250000003,7605.1435083333345
27300.0,0.1,0.101325,0.0,0.0,0.0006097668791666665,147257353.33333334,5844.816733333333,2.7429006833333334e-06,3.2926434833333333,7649.631583333333
27500.0,0.1,0.101325,0.0,0.0,0.0006035157558333333,148438899.16666666,5953.239391666667,2.7314592749999998e-06,3.338646575,7693.131141666666
27700.0,0.1,0.101325,0.0,0.0,0.0005973500208333333,149650047.50000003,6112.0905,2.7207576166666664e-06,3.3850518750000003,7735.243508333335
27900.0,0.1,0.101325,0.0,0.0,0.0005912497625,150890798.3333333,6320.6797750000005,2.7103939416666665e-06,3.4317602666666667,7775.866916666666
28100.0,0.1,0.101325,0.0,0.0,0.0005851941858333332,152181063.33333334,6578.514725,2.699666483333333e-06,3.47857175,7814.70225
28300.0,0.1,0.101325,0.0,0.0,0.0005791828491666667,153520975.0,6884.702416666666,2.6882730333333334e-06,3.5253872083333335,7851.5495083333335
28500.0,0.1,0.101325,0.0,0.0,0.0005731750458333333,154940356.6666667,7237.751241666667,2.675711825e-06,3.5723057583333335,7886.207808333333
28700.0,0.1,0.101325,0.0,0.0,0.0005671612616666666,156429340.8333333,7636.268708333334,2.6616815333333334e-06,3.6190282833333334,7918.477591666668
28900.0,0.1,0.101325,0.0,0.0,0.0005611406133333334,157997839.1666667,8077.8654166666665,2.6458795083333334e-06,3.665753900000001,7948.257533333334
29100.0,0.1,0.101325,0.0,0.0,0.0005550927475,159665851.6666667,8559.852850000001,2.628004425e-06,3.712183491666667,7975.248958333333
29300.0,0.1,0.101325,0.0,0.0,0.0005489977524999999,161423466.66666666,9078.546025,2.607754516666667e-06,3.758416616666667,7999.649216666667
29500.0,0.1,0.101325,0.0,0.0,0.0005428746566666667,163300595.83333334,9629.663491666668,2.5849275749999998e-06,3.8043528333333336,8021.159191666667
29700.0,0.1,0.101325,0.0,0.0,0.0005366935925,165287239.16666666,10208.224683333334,2.5595213916666666e-06,3.8499925833333335,8039.8766749999995
29900.0,0.1,0.101325,0.0,0.0,0.0005304645158333333,167383485.0,10808.054775,2.531433758333333e-06,3.8952354249999996,8055.801666666666
30000.0,0.1,0.101325,0.0,0.0,0.0005273255295833333,168496387.08333334,11115.0192875,2.516047891666667e-06,3.9176583916666674,8062.417033333334
300.0,1.0,1.01325,0.0,0.0,1.6442003333333333,963.69,520.35,2.2681999999999997e-05,0.017705000000000002,1.6134e-05
500.0,1.0,1.01325,0.0,0.0,0.9865297583333333,105030.0,520.35,3.3924e-05,0.026480000000000004,2.2906e-05
700.0,1.0,1.01325,0.0,0.0,0.7046649333333334,209099.99999999997,520.35,4.3329e-05,0.033821,2.9748e-05
900.0,1.0,1.01325,0.0,0.0,0.5480769249999999,313170.0,520.35,5.1201999999999995e-05,0.039967,3.1432999999999995e-05
1100.0,1.0,1.01325,0.0,0.0,0.4484240083333334,417240.0,520.35,5.871599999999999e-05,0.045833,2.9843000000000002e-05
1300.0,1.0,1.01325,0.0,0.0,0.37943212500000006,521309.99999999994,520.35,6.5e-05,0.050738000000000005,2.3573999999999998e-05
1500.0,1.0,1.01325,0.0,0.0,0.3288405083333334,625380.0,520.36,7.0767e-05,0.055243,1.8334e-05
1700.0,1.0,1.01325,0.0,0.0,0.29015435833333336,729460.0,520.3895583333333,7.6653e-05,0.05985886750000001,1.5148e-05
1900.0,1.0,1.01325,0.0,0.0,0.25961465000000006,833540.0,520.4891166666666,8.353999999999999e-05,0.06531647,1.3902000000000002e-05
2100.0,1.0,1.01325,0.0,0.0,0.23489135000000003,937659.5583333332,520.688675,9.0474e-05,0.070883205,1.2739999999999998e-05
2300.0,1.0,1.01325,0.0,0.0,0.21446414166666666,1041800.0,520.7504416666667,9.5817e-05,0.07506248583333335,1.0616044166666667e-05
2500.0,1.0,1.01325,0.0,0.0,0.19730021666666667,1145900.0,520.5213249999999,0.00010112,0.07903683916666666,9.08641325e-06
2700.0,1.0,1.01325,0.0,0.0,0.182688975,1250000.0,520.3904416666667,0.00010655999999999998,0.083211265,8.0077e-06
2900.0,1.0,1.01325,0.0,0.0,0.17008423333333336,1354100.0,520.3604416666667,0.00011237,0.08773304416666668,7.2792e-06
3100.0,1.0,1.01325,0.0,0.0,0.1591106916666667,1458200.0,520.36,0.00011809,0.09219500000000001,4.378196999999999e-05
3300.0,1.0,1.01325,0.0,0.0,0.14947437500000002,1562200.0,520.36,0.00012319999999999999,0.09618600000000001,0.00025437095833333334
3500.0,1.0,1.01325,0.0,0.0,0.14093263333333333,1666300.0,520.36,0.00012826,0.10014,0.00121068825
3700.0,1.0,1.01325,0.0,0.0,0.13331325833333332,1770400.0,520.36,0.00013332,0.10408,0.0048780674999999996
3900.0,1.0,1.01325,0.0,0.0,0.12647404166666668,1874500.0,520.36,0.00013841,0.10805999999999999,0.017082764166666667
4100.0,1.0,1.01325,0.0,0.0,0.12030321666666668,1978500.0,520.36,0.00014344,0.11199000000000002,0.05290428249999999
4300.0,1.0,1.01325,0.0,0.0,0.1147099,2082600.0,520.36,0.0001483,0.11579000000000002,0.146988375
4500.0,1.0,1.01325,0.0,0.0,0.10961320833333334,2186700.0,520.3795583333333,0.00015310999999999998,0.11955,0.3726101
4700.0,1.0,1.01325,0.0,0.0,0.10495225833333334,2290800.0,520.4,0.00015788,0.12329955833333334,0.871345775
4900.0,1.0,1.01325,0.0,0.0,0.10066425500000001,2394800.0,520.4591166666667,0.00016261999999999998,0.12704955833333334,1.896640083333333
5100.0,1.0,1.01325,0.0,0.0,0.096716845,2499900.0,521.1086750000001,0.00016732,0.13093867500000003,3.868428416666667
5300.0,1.0,1.01325,0.0,0.0,0.09306723333333333,2604000.0,519.4282333333332,0.00017195,0.13459823333333334,7.43475475
5500.0,1.0,1.01325,0.0,0.0,0.08968262500000002,2707795.5833333335,518.5460249999999,0.00017654999999999998,0.1384864666666667,13.52351
5700.0,1.0,1.01325,0.0,0.0,0.086535815,2811495.5833333335,518.4229333333333,0.00018110999999999998,0.14255425833333332,23.368926666666663
5900.0,1.0,1.01325,0.0,0.0,0.08360121333333334,2915195.583333333,519.0685166666666,0.00018563,0.14690028333333333,38.4905975
6100.0,1.0,1.01325,0.0,0.0,0.08085926166666668,3019095.583333333,520.5410083333334,0.00019010999999999998,0.15163454166666665,60.65013416666667
6300.0,1.0,1.01325,0.0,0.0,0.07829091583333334,3123486.75,522.9599666666667,0.00019455999999999998,0.1569165916666667,91.78058999999999
6500.0,1.0,1.01325,0.0,0.0,0.0758792925,3228382.3333333335,526.5036249999999,0.00019898,0.16293555,133.907725
6700.0,1.0,1.01325,0.0,0.0,0.07361065666666668,3334169.083333333,531.4306583333333,0.00020335999999999998,0.16995965,189.048375
6900.0,1.0,1.01325,0.0,0.0,0.07147169916666668,3441055.8333333335,538.0784166666667,0.00020770999999999997,0.178297125,259.0206
7100.0,1.0,1.01325,0.0,0.0,0.06945037583333333,3549529.3333333335,546.8746916666666,0.00021201999999999997,0.18832753333333332,345.2405833333333
7300.0,1.0,1.01325,0.0,0.0,0.06753742166666667,3660089.583333333,558.3663916666667,0.00021630044166666664,0.20063910833333332,448.4806916666667
7500.0,1.0,1.01325,0.0,0.0,0.06572274833333333,3773145.4166666665,573.1791,0.00022054044166666667,0.21546273333333335,568.6981499999999
7700.0,1.0,1.01325,0.0,0.0,0.06399731166666667,3889679.166666667,592.049725,0.00022475088333333333,0.23306017499999998,705.05195
7900.0,1.0,1.01325,0.0,0.0,0.062353935000000006,4010390.833333333,615.8529666666667,0.00022891132499999997,0.2536723166666667,856.0210833333333
8100.0,1.0,1.01325,0.0,0.0,0.06078361833333334,4136571.5833333335,645.5530833333333,0.0002330222083333333,0.27743180833333336,1019.6296833333336
8300.0,1.0,1.01325,0.0,0.0,0.059280185000000006,4269321.416666667,682.2547749999999,0.00023706309166666664,0.30439041666666666,1193.6865833333331
8500.0,1.0,1.01325,0.0,0.0,0.05783567916666667,4410322.666666667,727.1418583333333,0.00024101485833333334,0.3345499083333333,1376.0114999999998
8700.0,1.0,1.01325,0.0,0.0,0.05644583583333333,4561270.916666666,781.546825,0.0002448570666666666,0.367920725,1564.59825
8900.0,1.0,1.01325,0.0,0.0,0.05510374333333334,4724257.333333334,846.8921666666666,0.0002485606,0.40447286666666665,1757.7468333333336
9100.0,1.0,1.01325,0.0,0.0,0.05380231333333334,4901664.25,924.7199333333332,0.0002520659,0.44423545,1954.1484166666664
9300.0,1.0,1.01325,0.0,0.0,0.0525421925,5096178.416666667,1016.6230583333333,0.0002553329666666666,0.48725670833333334,2152.5985833333334
9500.0,1.0,1.01325,0.0,0.0,0.05130913166666667,5310877.75,1124.436083333333,0.0002582822416666667,0.5335870833333335,2352.3884999999996
9700.0,1.0,1.01325,0.0,0.0,0.05010124750000001,5549057.833333333,1249.7603333333334,0.00026083460833333335,0.5833343666666666,2553.0049166666668
9900.0,1.0,1.01325,0.0,0.0,0.048914805,5814492.166666667,1394.5829999999999,0.00026289095,0.6366072333333334,2753.8566666666666
10100.0,1.0,1.01325,0.0,0.0,0.04774571583333334,6111358.666666667,1560.7864166666668,0.0002643417083333333,0.6935048,2954.8260833333334
10300.0,1.0,1.01325,0.0,0.0,0.046585980000000006,6444230.833333333,1750.175,0.00026505732499999997,0.7540675083333334,3155.80875
10500.0,1.0,1.01325,0.0,0.0,0.04543446500000001,6818086.583333333,1964.7354999999998,0.0002649286833333333,0.8184040333333333,3356.6090833333333
10700.0,1.0,1.01325,0.0,0.0,0.04428617083333333,7237999.416666667,2206.2546666666667,0.0002638157833333333,0.8865448166666667,3557.2138333333337
10900.0,1.0,1.01325,0.0,0.0,0.04313905333333334,7709742.833333333,2476.4369166666665,0.00026161818333333335,0.9584711833333334,3757.627416666667
11100.0,1.0,1.01325,0.0,0.0,0.04198702416666667,8239385.916666666,2776.677833333333,0.00025822632499999997,1.03418225,3957.65425
11300.0,1.0,1.01325,0.0,0.0,0.04083117166666667,8833097.75,3108.177416666667,0.0002535888833333333,1.1137806666666668,4157.2855
11500.0,1.0,1.01325,0.0,0.0,0.03966931916666667,9497165.083333334,3471.648916666667,0.00024766409166666664,1.1968790833333334,4356.425583333334
11700.0,1.0,1.01325,0.0,0.0,0.038499510833333334,10238157.0,3867.4011666666665,0.00024046150833333335,1.2834730833333334,4555.070083333334
11900.0,1.0,1.01325,0.0,0.0,0.037322658333333335,11063411.666666666,4294.4695,0.00023202848333333335,1.3730759166666668,4752.827833333333
12100.0,1.0,1.01325,0.0,0.0,0.03613876166666667,11977304.166666666,4751.384833333333,0.00022247325,1.4650964166666667,4949.685583333334
12300.0,1.0,1.01325,0.0,0.0,0.034951732500000006,12986755.000000002,5235.009,0.00021191404166666665,1.55882575,5145.356583333333
12500.0,1.0,1.01325,0.0,0.0,0.03376170333333334,14096808.333333332,5740.712666666666,0.00020054820833333332,1.6531948333333335,5339.5408333333335
12700.0,1.0,1.01325,0.0,0.0,0.0325724975,15311464.166666666,6262.0841666666665,0.00018855486666666664,1.7473948333333336,5531.933916666667
12900.0,1.0,1.01325,0.0,0.0,0.03138920333333334,16631810.833333332,6790.251583333334,0.00017617225,1.839756666666667,5722.24025
13100.0,1.0,1.01325,0.0,0.0,0.030217776666666668,18057892.5,7314.443,0.00016362035833333334,1.9293803333333335,5910.059833333333
13300.0,1.0,1.01325,0.0,0.0,0.02906326166666667,19588841.666666668,7821.304166666667,0.000151147425,2.0147835,6095.188249999999
13500.0,1.0,1.01325,0.0,0.0,0.02793261416666667,21218702.5,8295.689666666665,0.0001389161,2.094075,6277.1343333333325
13700.0,1.0,1.01325,0.0,0.0,0.026831010833333335,22939740.0,8721.027583333334,0.0001271055,2.1658592500000005,6455.593666666667
13900.0,1.0,1.01325,0.0,0.0,0.025766363333333337,24738086.66666667,9080.137166666667,0.00011585739166666664,2.2285406666666665,6630.357416666667
14100.0,1.0,1.01325,0.0,0.0,0.024744804166666665,26600963.333333332,9357.044916666668,0.00010527221666666667,2.2806104166666668,6801.129999999999
14300.0,1.0,1.01325,0.0,0.0,0.023770377500000002,28508546.666666664,9537.546416666666,9.539791833333334e-05,2.320959666666667,6967.611416666667
14500.0,1.0,1.01325,0.0,0.0,0.022847215833333337,30440057.5,9611.722416666667,8.630386583333334e-05,2.3497530833333333,7129.692833333333
14700.0,1.0,1.01325,0.0,0.0,0.021979407500000003,32374584.166666668,9574.482999999998,7.80079425e-05,2.3671685833333336,7287.474250000001
14900.0,1.0,1.01325,0.0,0.0,0.0211689525,34289303.33333333,9426.941083333333,7.05065175e-05,2.3740840833333334,7440.651249999999
15100.0,1.0,1.01325,0.0,0.0,0.020415983333333335,36163215.0,9177.20075,6.377860666666668e-05,2.372155416666667,7589.619416666666
15300.0,1.0,1.01325,0.0,0.0,0.019719588333333333,37975319.16666667,8837.735166666667,5.779604916666667e-05,2.3631693333333335,7734.274333333333
15500.0,1.0,1.01325,0.0,0.0,0.019079723333333333,39710571.666666664,8423.335166666666,5.250968416666667e-05,2.3489905,7874.816
15700.0,1.0,1.01325,0.0,0.0,0.018491609166666666,41355751.666666664,7952.862250000001,4.7868953333333326e-05,2.3316100833333335,8011.635583333335
15900.0,1.0,1.01325,0.0,0.0,0.017953113333333336,42901726.666666664,7445.6750833333335,4.381829833333333e-05,2.312923666666667,8144.841916666666
16100.0,1.0,1.01325,0.0,0.0,0.017460324166666666,44343364.166666664,6921.085333333333,4.030698416666666e-05,2.294935666666667,8274.72175
16300.0,1.0,1.01325,0.0,0.0,0.017010153333333333,45678399.166666664,6395.923916666667,3.7279275833333333e-05,2.2791593333333333,8401.679499999998
16500.0,1.0,1.01325,0.0,0.0,0.016597645,46909610.833333336,5884.465916666667,3.468004083333333e-05,2.2666990833333336,8525.819583333334
16700.0,1.0,1.01325,0.0,0.0,0.016218799166666666,48039910.833333336,5397.835,3.245832333333333e-05,2.258277,8647.537583333333
16900.0,1.0,1.01325,0.0,0.0,0.015870439166666667,49076122.5,4944.05925,3.0568035e-05,2.2543063333333335,8767.0335
17100.0,1.0,1.01325,0.0,0.0,0.015549609166666667,50024201.666666664,4528.297666666667,2.8965955e-05,2.25510475,8884.41175
17300.0,1.0,1.01325,0.0,0.0,0.015252265000000003,50893927.5,4153.373916666666,2.7614995e-05,2.2605810833333333,8999.87675
17500.0,1.0,1.01325,0.0,0.0,0.014975362500000002,51691388.33333333,3820.5028333333335,2.647997833333333e-05,2.270744166666667,9113.532916666667
17700.0,1.0,1.01325,0.0,0.0,0.014717813333333335,52427407.5,3529.3727500000005,2.5532728333333333e-05,2.28530725,9225.471416666667
17900.0,1.0,1.01325,0.0,0.0,0.014474661666666668,53109073.333333336,3278.867583333333,2.4747068333333335e-05,2.3045526666666665,9335.609916666666
18100.0,1.0,1.01325,0.0,0.0,0.014246775,53744297.5,3067.61825,2.4098821666666667e-05,2.32788925,9444.139583333334
18300.0,1.0,1.01325,0.0,0.0,0.014031153333333332,54341124.16666667,2893.7645,2.3566855833333334e-05,2.3544832500000004,9550.76925
18500.0,1.0,1.01325,0.0,0.0,0.013825796666666668,54907509.16666667,2755.7195833333335,2.3134082499999998e-05,2.3841037500000004,9655.498916666666
18700.0,1.0,1.01325,0.0,0.0,0.013628705000000001,55448540.833333336,2651.8835,2.2785325e-05,2.416428666666667,9758.0595
18900.0,1.0,1.01325,0.0,0.0,0.013440745833333333,55973130.83333333,2581.05625,2.2505539166666668e-05,2.451075666666667,9858.280333333332
19100.0,1.0,1.01325,0.0,0.0,0.013259919166666669,56485367.5,2542.420166666667,2.2284636666666665e-05,2.487927083333333,9955.7365
19300.0,1.0,1.01325,0.0,0.0,0.013084313333333335,56994118.33333333,2535.4575833333333,2.2110485e-05,2.5265961666666668,10050.619166666667
19500.0,1.0,1.01325,0.0,0.0,0.012913840000000001,57504515.83333333,2559.75525,2.197304e-05,2.5668785,10140.928333333335
19700.0,1.0,1.01325,0.0,0.0,0.012747455000000001,58022471.666666664,2615.6778333333336,2.1861345833333335e-05,2.6085740833333335,10228.281666666666
19900.0,1.0,1.01325,0.0,0.0,0.012585158333333334,58554941.666666664,2703.4253333333336,2.1767225833333333e-05,2.6514785,10311.590833333332
20100.0,1.0,1.01325,0.0,0.0,0.012424994166666668,59108970.0,2823.858,2.1681768333333335e-05,2.6953961666666673,10388.988333333335
20300.0,1.0,1.01325,0.0,0.0,0.012266918333333333,59689512.50000001,2977.5714166666667,2.1598884999999996e-05,2.740122666666667,10461.43
20500.0,1.0,1.01325,0.0,0.0,0.012109930833333334,60304569.16666667,3165.447916666667,2.1508575833333332e-05,2.78594475,10527.871666666666
20700.0,1.0,1.01325,0.0,0.0,0.011953987500000002,60960095.833333336,3388.1919166666667,2.1405708333333336e-05,2.8329447500000002,10586.401666666665
20900.0,1.0,1.01325,0.0,0.0,0.011799088333333336,61664004.166666664,3646.4901666666665,2.1281415e-05,2.8804977500000004,10638.931666666665
21100.0,1.0,1.01325,0.0,0.0,0.011643233333333334,62424338.333333336,3940.56475,2.1131475e-05,2.9284595833333333,10682.550000000001
21300.0,1.0,1.01325,0.0,0.0,0.011486466666666667,63246054.16666667,4270.428916666667,2.09499325e-05,2.97653025,10719.124166666666
21500.0,1.0,1.01325,0.0,0.0,0.011329655833333334,64138107.5,4635.313583333334,2.073174333333333e-05,3.0247141666666666,10745.786666666667
21700.0,1.0,1.01325,0.0,0.0,0.011170933333333336,65106542.49999999,5033.962916666667,2.0473863333333333e-05,3.0728025000000003,10764.449166666667
21900.0,1.0,1.01325,0.0,0.0,0.011010210833333334,66158315.0,5464.321083333333,2.017511583333333e-05,3.120899666666667,10775.111666666666
22100.0,1.0,1.01325,0.0,0.0,0.010847532500000001,67299469.16666667,5923.45875,1.9833500833333334e-05,3.1687012500000002,10775.818333333333
22300.0,1.0,1.01325,0.0,0.0,0.010682810000000001,68535960.83333333,6407.6421666666665,1.945084166666667e-05,3.216311666666667,10768.480833333333
22500.0,1.0,1.01325,0.0,0.0,0.010516131666666666,69871878.33333333,6912.1464166666665,1.9028138333333332e-05,3.2636220833333334,10754.099166666667
22700.0,1.0,1.01325,0.0,0.0,0.010348365,71311221.66666667,7431.5509999999995,1.8567258333333332e-05,3.3106325,10732.673333333334
22900.0,1.0,1.01325,0.0,0.0,0.010177642500000002,72855167.5,7959.5354166666675,1.8073069166666665e-05,3.3573473333333337,10705.203333333335
23100.0,1.0,1.01325,0.0,0.0,0.010005544916666666,74506671.66666666,8489.183583333333,1.7549615000000003e-05,3.403662166666667,10672.645
23300.0,1.0,1.01325,0.0,0.0,0.009832160583333333,76263954.99999999,9012.970583333334,1.7002719166666666e-05,3.449581416666667,10635.0425
23500.0,1.0,1.01325,0.0,0.0,0.009657879083333334,78126017.5,9523.349416666668,1.6437381666666667e-05,3.4952962500000004,10595.351666666667
23700.0,1.0,1.01325,0.0,0.0,0.009483119666666666,80089080.0,10012.56425,1.5860558333333333e-05,3.540611083333334,10554.528333333334
23900.0,1.0,1.01325,0.0,0.0,0.009308463083333334,82147230.83333331,10472.376916666666,1.527729333333333e-05,3.5856259166666673,10512.660833333333
24100.0,1.0,1.01325,0.0,0.0,0.00913451975,84294646.66666667,10895.883,1.4692542499999998e-05,3.630436333333334,10470.705
24300.0,1.0,1.01325,0.0,0.0,0.008961723416666668,86522415.83333333,11275.126666666667,1.411235e-05,3.6749467500000006,10430.616666666667
24500.0,1.0,1.01325,0.0,0.0,0.008790743166666667,88822715.0,11605.9975,1.3541715833333333e-05,3.719157166666667,10392.528333333334
24700.0,1.0,1.01325,0.0,0.0,0.008622093833333335,91183676.66666667,11881.574999999999,1.2982728333333335e-05,3.763167583333334,10356.351666666667
24900.0,1.0,1.01325,0.0,0.0,0.008456356166666667,93593433.33333333,12098.682499999999,1.2440431666666666e-05,3.8069735833333334,10325.086666666666
25100.0,1.0,1.01325,0.0,0.0,0.008294045000000002,96041985.0,12255.275833333333,1.1916825833333334e-05,3.8505795833333334,10296.7775
25300.0,1.0,1.01325,0.0,0.0,0.008135542666666667,98514596.66666667,12349.266666666666,1.1415043333333334e-05,3.8940855833333328,10273.468333333334
25500.0,1.0,1.01325,0.0,0.0,0.0079813785,101001135.83333333,12380.566666666668,1.093604e-05,3.93748275,10255.026666666667
25700.0,1.0,1.01325,0.0,0.0,0.007831736416666667,103487779.16666666,12350.087500000001,1.0480948333333334e-05,3.9808799166666673,10240.629166666668
25900.0,1.0,1.01325,0.0,0.0,0.007687042916666666,105955791.66666666,12262.608333333334,1.0050533e-05,4.024172666666667,10231.231666666667
26100.0,1.0,1.01325,0.0,0.0,0.007547327333333334,108404908.33333333,12120.085,9.645022083333333e-06,4.067656583333334,10225.834166666667
26300.0,1.0,1.01325,0.0,0.0,0.007412855916666667,110814908.33333333,11927.429166666667,9.264275833333333e-06,4.1111405,10226.3925
26500.0,1.0,1.01325,0.0,0.0,0.007283624250000001,113186233.33333334,11691.464166666667,8.90814725e-06,4.155011166666667,10230.950833333334
26700.0,1.0,1.01325,0.0,0.0,0.00715973675,115508000.0,11417.145833333332,8.575967250000001e-06,4.199077416666667,10239.553333333333
26900.0,1.0,1.01325,0.0,0.0,0.007040997833333333,117770650.0,11112.341666666665,8.267144666666666e-06,4.243534833333333,10253.155833333332
27100.0,1.0,1.01325,0.0,0.0,0.006927416333333334,119964625.0,10784.0075,7.980906e-06,4.288483416666667,10270.758333333335
27300.0,1.0,1.01325,0.0,0.0,0.006818887833333334,122099041.66666667,10437.143333333333,7.716173333333333e-06,4.334123166666667,10291.405
27500.0,1.0,1.01325,0.0,0.0,0.006715130000000001,124153900.0,10079.749166666668,7.472042250000001e-06,4.380254083333334,10316.051666666666
27700.0,1.0,1.01325,0.0,0.0,0.0066160340000000015,126139200.0,9716.736666666666,7.247330416666668e-06,4.427276166666667,10344.698333333332
27900.0,1.0,1.01325,0.0,0.0,0.006521495416666667,128045383.33333333,9354.894166666669,7.041037833333334e-06,4.474989416666666,10375.433333333334
28100.0,1.0,1.01325,0.0,0.0,0.006431127500000001,129891125.0,8999.0775,6.851973333333333e-06,4.5235026666666664,10409.124166666668
28300.0,1.0,1.01325,0.0,0.0,0.006344725833333334,131657308.33333331,8653.7485,6.6790325e-06,4.572907083333334,10445.859166666667
28500.0,1.0,1.01325,0.0,0.0,0.006262086000000001,133353491.66666667,8322.838083333334,6.52121975e-06,4.623302666666667,10484.638333333332
28700.0,1.0,1.01325,0.0,0.0,0.006183008000000001,134989675.0,8009.981583333333,6.3772395e-06,4.674502666666667,10525.4175
28900.0,1.0,1.01325,0.0,0.0,0.006107100666666667,136565416.66666666,7717.832,6.2462785e-06,4.72669825,10568.196666666667
29100.0,1.0,1.01325,0.0,0.0,0.006034341916666667,138091158.3333333,7448.92025,6.127145583333333e-06,4.779889416666666,10612.064166666665
29300.0,1.0,1.01325,0.0,0.0,0.005964345,139556458.3333333,7205.186083333332,6.018836333333333e-06,4.833885,10657.8875
29500.0,1.0,1.01325,0.0,0.0,0.005896901083333334,140981316.66666666,6987.978083333334,5.920541916666667e-06,4.888876166666668,10704.755000000001
29700.0,1.0,1.01325,0.0,0.0,0.0058319057500000005,142356175.0,6798.527166666667,5.83126675e-06,4.94467175,10751.666666666668
29900.0,1.0,1.01325,0.0,0.0,0.005769063416666667,143700591.6666667,6637.76425,5.750193166666667e-06,5.001371750000001,10799.6225
30000.0,1.0,1.01325,0.0,0.0,0.005738614333333334,144362137.5,6572.040041666666,5.713313791666666e-06,5.03012175,10824.078333333335
300.0,4.0,4.053,0.0,0.0,6.4909,963.69,520.35,2.2681999999999997e-05,0.017705000000000002,1.6134e-05
500.0,4.0,4.053,0.0,0.0,3.8945,105030.0,520.35,3.3924e-05,0.026480000000000004,2.2905999999999997e-05
700.0,4.0,4.053,0.0,0.0,2.7818,209100.0,520.35,4.3329e-05,0.033821,2.9748e-05
900.0,4.0,4.053,0.0,0.0,2.1635999999999997,313170.0,520.35,5.1201999999999995e-05,0.039967,3.1432999999999995e-05
1100.0,4.0,4.053,0.0,0.0,1.7702,417240.0,520.35,5.871599999999999e-05,0.045833,2.9843000000000002e-05
1300.0,4.0,4.053,0.0,0.0,1.4979,521309.99999999994,520.35,6.5e-05,0.050738000000000005,2.3573999999999998e-05
1500.0,4.0,4.053,0.0,0.0,1.2982,625380.0,520.35,7.0767e-05,0.055241,1.8334e-05
1700.0,4.0,4.053,0.0,0.0,1.1454,729460.0,520.37,7.6653e-05,0.059847000000000004,1.5148e-05
1900.0,4.0,4.053,0.0,0.0,1.0249,833530.0,520.42,8.353999999999999e-05,0.065267,1.3902999999999999e-05
2100.0,4.0,4.053,0.0,0.0,0.92727,937630.0,520.5600000000001,9.0474e-05,0.07079,1.2743e-05
2300.0,4.0,4.053,0.0,0.0,0.84663,1041800.0,520.71,9.5817e-05,0.07507100000000001,1.0619e-05
2500.0,4.0,4.053,0.0,0.0,0.77889,1145900.0,520.66,0.00010112,0.079142,9.0882e-06
2700.0,4.0,4.053,0.0,0.0,0.7212,1250000.0,520.48,0.00010655999999999998,0.083261,8.0081e-06
2900.0,4.0,4.053,0.0,0.0,0.6714600000000001,1354100.0,520.39,0.00011237,0.087747,7.2793e-06
3100.0,4.0,4.053,0.0,0.0,0.62814,1458200.0,520.36,0.00011809,0.092199,2.2009999999999998e-05
3300.0,4.0,4.053,0.0,0.0,0.5900700000000001,1562200.0,520.36,0.00012319999999999999,0.09618700000000001,0.00012788
3500.0,4.0,4.053,0.0,0.0,0.55635,1666300.0,520.36,0.00012826,0.10014,0.00060863
3700.0,4.0,4.053,0.0,0.0,0.52628,1770400.0,520.36,0.00013332,0.10408,0.0024524
3900.0,4.0,4.053,0.0,0.0,0.49929,1874500.0,520.36,0.00013841,0.10805999999999999,0.0085892
4100.0,4.0,4.053,0.0,0.0,0.47492999999999996,1978500.0,520.36,0.00014344,0.11199000000000002,0.026604
4300.0,4.0,4.053,0.0,0.0,0.45283999999999996,2082600.0,520.36,0.0001483,0.11578000000000001,0.073941
4500.0,4.0,4.053,0.0,0.0,0.43272,2186700.0,520.37,0.00015310999999999998,0.11954000000000002,0.18757
4700.0,4.0,4.053,0.0,0.0,0.4143,2290800.0,520.38,0.00015788,0.12328,0.43923
4900.0,4.0,4.053,0.0,0.0,0.39739,2394800.0,520.4100000000001,0.00016261999999999998,0.12700999999999998,0.95843
5100.0,4.0,4.053,0.0,0.0,0.38181,2499900.0,521.0,0.00016732,0.13085,1.963
5300.0,4.0,4.053,0.0,0.0,0.3674,2603900.0,519.24,0.00017195,0.13443,3.7977
5500.0,4.0,4.053,0.0,0.0,0.35404,2707700.0,518.19,0.00017654999999999998,0.13817000000000002,6.9750000000000005
5700.0,4.0,4.053,0.0,0.0,0.34162,2811200.0,517.79,0.00018110999999999998,0.14200000000000002,12.211
5900.0,4.0,4.053,0.0,0.0,0.33004,2914800.0,518.0,0.00018563,0.14598,20.448
6100.0,4.0,4.053,0.0,0.0,0.31921,3018500.0,518.81,0.00019010999999999998,0.15017,32.851
6300.0,4.0,4.053,0.0,0.0,0.30907999999999997,3122400.0,520.2099999999999,0.00019457,0.15468,50.78
6500.0,4.0,4.053,0.0,0.0,0.29956,3226600.0,522.28,0.00019898,0.15961,75.748
6700.0,4.0,4.053,0.0,0.0,0.29061000000000003,3331300.0,525.1,0.00020337,0.16512000000000002,109.36999999999999
6900.0,4.0,4.053,0.0,0.0,0.28218,3436700.0,528.8199999999999,0.00020771999999999997,0.17136,153.29999999999998
7100.0,4.0,4.053,0.0,0.0,0.27421,3543000.0,533.64,0.00021204,0.17855000000000001,209.19
7300.0,4.0,4.053,0.0,0.0,0.26668,3650300.0,539.79,0.00021633,0.18714000000000003,278.54
7500.0,4.0,4.053,0.0,0.0,0.25954,3759000.0,547.5799999999999,0.00022059,0.19727,362.65
7700.0,4.0,4.053,0.0,0.0,0.25276,3869500.0,557.3900000000001,0.00022481999999999998,0.20925000000000002,462.41
7900.0,4.0,4.053,0.0,0.0,0.24632,3982200.0,569.62,0.00022901999999999997,0.22341999999999998,578.27
8100.0,4.0,4.053,0.0,0.0,0.24017,4097700.0,584.78,0.00023319,0.24009000000000003,710.15
8300.0,4.0,4.053,0.0,0.0,0.23431,4216500.0,603.42,0.00023731999999999998,0.25954000000000005,857.45
8500.0,4.0,4.053,0.0,0.0,0.22870000000000001,4339500.0,626.15,0.00024139999999999999,0.28201,1019.2
8700.0,4.0,4.053,0.0,0.0,0.22332,4467600.0,653.65,0.00024544,0.30766,1194.1000000000001
8900.0,4.0,4.053,0.0,0.0,0.21814999999999998,4601800.0,686.6600000000001,0.00024941,0.33657,1380.6
9100.0,4.0,4.053,0.0,0.0,0.21317,4743300.0,725.9799999999999,0.00025331999999999997,0.36883000000000005,1577.2
9300.0,4.0,4.053,0.0,0.0,0.20837,4893400.0,772.46,0.00025713,0.40445000000000003,1782.5
9500.0,4.0,4.053,0.0,0.0,0.20374,5053800.0,827.0,0.00026082,0.4434600000000001,1995.0
9700.0,4.0,4.053,0.0,0.0,0.19924,5226200.0,890.5699999999999,0.00026438,0.48585,2213.5
9900.0,4.0,4.053,0.0,0.0,0.19485999999999998,5412500.0,964.14,0.00026775,0.5316500000000001,2436.9
10100.0,4.0,4.053,0.0,0.0,0.19059,5614900.0,1048.8,0.00027089999999999997,0.58085,2664.3
10300.0,4.0,4.053,0.0,0.0,0.18642,5835700.0,1145.5,0.00027378,0.63347,2894.9
10500.0,4.0,4.053,0.0,0.0,0.18232,6077600.0,1255.4,0.00027631,0.6895300000000001,3128.2
10700.0,4.0,4.053,0.0,0.0,0.1783,6343300.0,1379.5,0.00027843000000000003,0.7490600000000001,3363.5
10900.0,4.0,4.053,0.0,0.0,0.17432,6635800.0,1519.0,0.00028007,0.8120600000000001,3600.6
11100.0,4.0,4.053,0.0,0.0,0.1704,6958600.0,1674.8,0.00028114,0.8785700000000001,3839.1
11300.0,4.0,4.053,0.0,0.0,0.1665,7314900.0,1848.0,0.00028155,0.94864,4078.6000000000004
11500.0,4.0,4.053,0.0,0.0,0.16262000000000001,7708600.0,2039.6000000000001,0.00028121,1.0222,4319.0
11700.0,4.0,4.053,0.0,0.0,0.15877,8143400.0,2250.3,0.00028004,1.0992,4560.0
11900.0,4.0,4.053,0.0,0.0,0.15491999999999997,8623300.0,2480.9,0.00027796,1.1796,4801.5
12100.0,4.0,4.053,0.0,0.0,0.15108,9152500.0,2731.7999999999997,0.00027490999999999995,1.2632,5043.3
12300.0,4.0,4.053,0.0,0.0,0.14723,9735300.0,3003.4,0.00027083,1.3497000000000001,5285.1
12500.0,4.0,4.053,0.0,0.0,0.14338,10376000.0,3295.5,0.0002657,1.4389,5526.700000000001
12700.0,4.0,4.053,0.0,0.0,0.13953,11078000.0,3607.7,0.00025951999999999995,1.5305,5768.0
12900.0,4.0,4.053,0.0,0.0,0.13567,11846000.0,3939.1,0.00025232,1.624,6008.700000000001
13100.0,4.0,4.053,0.0,0.0,0.13181,12684000.0,4288.1,0.00024417,1.7192,6248.400000000001
13300.0,4.0,4.053,0.0,0.0,0.12794999999999998,13595000.0,4652.4,0.00023516999999999996,1.8157,6487.0
13500.0,4.0,4.053,0.0,0.0,0.1241,14581000.0,5029.0,0.00022541999999999997,1.9129,6723.999999999999
13700.0,4.0,4.053,0.0,0.0,0.12027,15646000.0,5414.1,0.00021508,2.0102,6959.2
13900.0,4.0,4.053,0.0,0.0,0.11646000000000001,16789000.0,5802.5,0.00020429,2.1069,7192.2
14100.0,4.0,4.053,0.0,0.0,0.11269,18010000.0,6188.5,0.00019319999999999998,2.2018,7422.6
14300.0,4.0,4.053,0.0,0.0,0.10898000000000001,19310000.0,6565.1,0.00018195,2.2938,7650.1
14500.0,4.0,4.053,0.0,0.0,0.10533,20683000.0,6924.5,0.00017070999999999997,2.3821000000000003,7874.299999999999
14700.0,4.0,4.053,0.0,0.0,0.10176,22127000.0,7258.4,0.00015960999999999997,2.4657,8094.9
14900.0,4.0,4.053,0.0,0.0,0.098276,23634000.0,7558.0,0.00014878,2.5436,8311.5
15100.0,4.0,4.053,0.0,0.0,0.094901,25198000.0,7816.6,0.00013832,2.6156,8523.9
15300.0,4.0,4.053,0.0,0.0,0.09164599999999999,26807000.0,8026.5,0.00012834,2.6808,8731.699999999999
15500.0,4.0,4.053,0.0,0.0,0.08852,28452000.0,8178.5,0.00011887999999999999,2.7385,8934.699999999999
15700.0,4.0,4.053,0.0,0.0,0.08553100000000001,30120000.0,8266.199999999999,0.00011000999999999999,2.7883,9132.800000000001
15900.0,4.0,4.053,0.0,0.0,0.08269,31797000.0,8286.099999999999,0.00010174999999999999,2.8303000000000003,9325.9
16100.0,4.0,4.053,0.0,0.0,0.08000099999999999,33470000.0,8237.0,9.4119e-05,2.8649,9513.800000000001
16300.0,4.0,4.053,0.0,0.0,0.077465,35124000.0,8120.799999999999,8.7133e-05,2.8931,9696.7
16500.0,4.0,4.053,0.0,0.0,0.075082,36747000.0,7942.3,8.0769e-05,2.9156,9874.6
16700.0,4.0,4.053,0.0,0.0,0.072851,38327000.0,7708.2,7.500599999999999e-05,2.9335,10048.0
16900.0,4.0,4.053,0.0,0.0,0.070768,39853000.0,7427.4,6.9817e-05,2.9478,10216.0
17100.0,4.0,4.053,0.0,0.0,0.068826,41317000.0,7109.7,6.5164e-05,2.9598,10379.0
17300.0,4.0,4.053,0.0,0.0,0.06701900000000001,42714000.0,6765.6,6.1010999999999996e-05,2.9705000000000004,10539.0
17500.0,4.0,4.053,0.0,0.0,0.06533900000000001,44039000.0,6405.3,5.732e-05,2.9810000000000003,10694.0
17700.0,4.0,4.053,0.0,0.0,0.063778,45290000.0,6038.2,5.4052e-05,2.9923,10846.0
17900.0,4.0,4.053,0.0,0.0,0.062325,46467000.0,5672.900000000001,5.117e-05,3.0051,10994.0
18100.0,4.0,4.053,0.0,0.0,0.060974,47570000.0,5316.5,4.8632e-05,3.0199000000000003,11138.0
18300.0,4.0,4.053,0.0,0.0,0.059713999999999996,48603000.0,4974.9,4.6401999999999994e-05,3.0370000000000004,11280.0
18500.0,4.0,4.053,0.0,0.0,0.058538,49570000.0,4652.5,4.4451e-05,3.0569,11419.0
18700.0,4.0,4.053,0.0,0.0,0.057438,50473000.0,4352.7,4.2748e-05,3.0798,11554.0
18900.0,4.0,4.053,0.0,0.0,0.056406000000000005,51319000.0,4077.7000000000003,4.1266999999999996e-05,3.1057,11688.0
19100.0,4.0,4.053,0.0,0.0,0.055435,52112000.0,3828.8,3.9983e-05,3.1347,11818.0
19300.0,4.0,4.053,0.0,0.0,0.05452,52857000.0,3606.7,3.8874999999999996e-05,3.1667,11947.0
19500.0,4.0,4.053,0.0,0.0,0.053654,53561000.0,3411.5,3.7922e-05,3.2017,12073.0
19700.0,4.0,4.053,0.0,0.0,0.052833,54229000.0,3243.1,3.7102999999999994e-05,3.2395,12196.0
19900.0,4.0,4.053,0.0,0.0,0.05205,54865000.0,3101.1000000000004,3.6403e-05,3.2799,12317.0
20100.0,4.0,4.053,0.0,0.0,0.051303,55475000.0,2984.9,3.5807e-05,3.3240000000000003,12435.0
20300.0,4.0,4.053,0.0,0.0,0.050587999999999994,56065000.0,2894.2000000000003,3.5303e-05,3.3703000000000003,12550.0
20500.0,4.0,4.053,0.0,0.0,0.0499,56639000.0,2828.3,3.4875999999999996e-05,3.4184,12663.0
20700.0,4.0,4.053,0.0,0.0,0.049236,57202000.0,2786.9,3.4513e-05,3.4681,12772.0
20900.0,4.0,4.053,0.0,0.0,0.048594000000000005,57760000.0,2769.7,3.4205e-05,3.5193000000000003,12878.0
21100.0,4.0,4.053,0.0,0.0,0.047971,58316000.0,2776.5,3.3938999999999995e-05,3.5718,12979.0
21300.0,4.0,4.053,0.0,0.0,0.047364,58876000.0,2807.2,3.3704e-05,3.6253,13077.000000000002
21500.0,4.0,4.053,0.0,0.0,0.046771,59445000.0,2861.8,3.3493e-05,3.6798,13169.999999999998
21700.0,4.0,4.053,0.0,0.0,0.04619,60026000.0,2940.4,3.3295999999999994e-05,3.7350000000000003,13258.000000000002
21900.0,4.0,4.053,0.0,0.0,0.045619,60626000.0,3043.1,3.3107e-05,3.7922000000000002,13340.0
22100.0,4.0,4.053,0.0,0.0,0.045056,61249000.0,3170.1000000000004,3.2917e-05,3.8505000000000003,13416.999999999998
22300.0,4.0,4.053,0.0,0.0,0.044499000000000004,61900000.0,3321.4,3.272e-05,3.9094,13487.0
22500.0,4.0,4.053,0.0,0.0,0.043947,62584000.0,3497.1,3.2508999999999997e-05,3.9688000000000003,13550.0
22700.0,4.0,4.053,0.0,0.0,0.043398,63305000.0,3697.1,3.2278e-05,4.028700000000001,13607.0
22900.0,4.0,4.053,0.0,0.0,0.042852999999999995,64070000.0,3921.0,3.2021e-05,4.0889,13656.0
23100.0,4.0,4.053,0.0,0.0,0.042307,64881000.0,4168.3,3.1735e-05,4.1493,13697.0
23300.0,4.0,4.053,0.0,0.0,0.041761,65744000.0,4438.3,3.1413e-05,4.2097,13730.000000000002
23500.0,4.0,4.053,0.0,0.0,0.041214,66665000.0,4729.7,3.1055e-05,4.2702,13755.000000000002
23700.0,4.0,4.053,0.0,0.0,0.040664000000000006,67645000.0,5041.2,3.0656999999999995e-05,4.3307,13772.0
23900.0,4.0,4.053,0.0,0.0,0.040111999999999995,68691000.0,5370.8,3.0217999999999998e-05,4.391,13782.0
24100.0,4.0,4.053,0.0,0.0,0.039557,69805000.0,5716.400000000001,2.9738999999999998e-05,4.4511,13784.0
24300.0,4.0,4.053,0.0,0.0,0.038998000000000005,70990000.0,6075.3,2.9218e-05,4.5109,13779.0
24500.0,4.0,4.053,0.0,0.0,0.038437,72249000.0,6444.4,2.8658999999999998e-05,4.5705,13766.999999999998
24700.0,4.0,4.053,0.0,0.0,0.037873000000000004,73583000.0,6820.599999999999,2.8063999999999998e-05,4.629700000000001,13749.0
24900.0,4.0,4.053,0.0,0.0,0.037306,74993000.0,7200.1,2.7437e-05,4.6887,13726.0
25100.0,4.0,4.053,0.0,0.0,0.036737,76481000.0,7579.2,2.6781e-05,4.7474,13699.0
25300.0,4.0,4.053,0.0,0.0,0.036166,78045000.0,7953.700000000001,2.6100999999999996e-05,4.8057,13668.0
25500.0,4.0,4.053,0.0,0.0,0.035595,79684000.0,8319.699999999999,2.5403e-05,4.8638,13634.0
25700.0,4.0,4.053,0.0,0.0,0.035024,81395000.0,8672.9,2.4690999999999998e-05,4.921600000000001,13599.0
25900.0,4.0,4.053,0.0,0.0,0.034455,83177000.0,9009.3,2.3968999999999997e-05,4.9792000000000005,13562.0
26100.0,4.0,4.053,0.0,0.0,0.033888,85025000.0,9325.1,2.3243e-05,5.0365,13525.0
26300.0,4.0,4.053,0.0,0.0,0.033324999999999994,86934000.0,9616.5,2.2516e-05,5.0936,13488.999999999998
26500.0,4.0,4.053,0.0,0.0,0.032768000000000005,88900000.0,9880.3,2.1794e-05,5.1504,13454.0
26700.0,4.0,4.053,0.0,0.0,0.032215999999999995,90915000.0,10114.0,2.108e-05,5.207,13421.0
26900.0,4.0,4.053,0.0,0.0,0.031672,92975000.0,10314.0,2.0378e-05,5.2635000000000005,13390.0
27100.0,4.0,4.053,0.0,0.0,0.031136,95071000.0,10479.0,1.9691e-05,5.3198,13362.0
27300.0,4.0,4.053,0.0,0.0,0.03061,97196000.0,10608.0,1.9022e-05,5.376,13337.0
27500.0,4.0,4.053,0.0,0.0,0.030095,99344000.0,10700.0,1.8374e-05,5.432,13316.0
27700.0,4.0,4.053,0.0,0.0,0.029591,101510000.0,10755.0,1.7746999999999998e-05,5.488,13297.999999999998
27900.0,4.0,4.053,0.0,0.0,0.0291,103670000.0,10773.0,1.7143e-05,5.5439,13285.0
28100.0,4.0,4.053,0.0,0.0,0.028621,105840000.0,10756.0,1.6562999999999997e-05,5.5998,13275.0
28300.0,4.0,4.053,0.0,0.0,0.028156,108000000.0,10704.0,1.6009e-05,5.6558,13269.999999999998
28500.0,4.0,4.053,0.0,0.0,0.027705,110150000.0,10620.0,1.548e-05,5.7118,13268.0
28700.0,4.0,4.053,0.0,0.0,0.027267000000000003,112280000.0,10506.0,1.4977e-05,5.768000000000001,13271.0
28900.0,4.0,4.053,0.0,0.0,0.026844,114380000.0,10366.0,1.4499e-05,5.824400000000001,13278.0
29100.0,4.0,4.053,0.0,0.0,0.026435,116450000.0,10202.0,1.4046e-05,5.881,13288.0
29300.0,4.0,4.053,0.0,0.0,0.02604,118480000.0,10017.0,1.3616999999999999e-05,5.938000000000001,13302.000000000002
29500.0,4.0,4.053,0.0,0.0,0.025658999999999998,120470000.0,9816.1,1.3212999999999999e-05,5.9954,13319.999999999998
29700.0,4.0,4.053,0.0,0.0,0.025292000000000002,122430000.0,9601.3,1.2831e-05,6.0532,13341.999999999998
29900.0,4.0,4.053,0.0,0.0,0.024938000000000002,124330000.0,9376.4,1.2472999999999999e-05,6.1116,13366.0
30000.0,4.0,4.053,0.0,0.0,0.024768000000000002,125260000.0,9260.7,1.2304499999999999e-05,6.14105,13380.000000000002
