T_K,P_atm,mu_Pa_s,kappa_W_mK,kappa_H_W_mK,kappa_e_W_mK,kappa_int_W_mK,kappa_reac_W_mK,sigma_S_m,nu_e_1_s,Astar_e,Bstar_e,Cstar_e,cp_frozen_J_kgK,cp_reac_J_kgK
300.0,0.1,2.2415882937353806e-05,0.017495497580205212,0.017495497580205212,1.2334255745059466e-130,0.0,8.020892463823818e-84,2.886994079375416e-125,6452869652.87975,1.0,1.0,1.0,520.3303874417475,-8.755478120292537e-09
500.0,0.1,3.349401445375559e-05,0.026141930276207627,0.026141930276207627,4.07280228853651e-77,0.0,5.063230427036611e-61,5.719756264884632e-72,3310497848.685446,1.0,1.0,1.0,520.3303874417473,-8.755478120292537e-09
700.0,0.1,4.265056309983244e-05,0.03328857603311657,0.03328857603311657,5.060278856508276e-54,0.0,3.974462899849148e-48,5.07610514064831e-49,2018405977.895179,1.0,1.0,1.0,520.3303874417475,-8.755478120292537e-09
900.0,0.1,5.0627068737080455e-05,0.039514203436069074,0.039514203436069074,4.140373465272233e-41,0.0,7.006934898617559e-40,3.23036209818628e-36,1382921622.3681734,1.0,1.0,1.0,520.3303874417475,-8.755364433454815e-09
1100.0,0.1,5.783877370494613e-05,0.045142907296107065,0.045142907296107065,7.540975867802256e-33,0.0,3.8263450545615336e-34,4.813811329275945e-28,1040904202.7990683,1.0,1.0,1.0,520.3303874417471,-8.755137059779372e-09
1300.0,0.1,6.452710932344242e-05,0.05036312369165114,0.05036312369165114,4.133221278722139e-27,0.0,6.469907255100743e-30,2.2325413158019312e-22,848290278.9871562,1.0,1.0,1.0,520.3303874417476,-8.755591807130259e-09
1500.0,0.1,7.083036812471318e-05,0.05528278933294561,0.05528278933294561,6.791843067272503e-23,0.0,1.1482322960647312e-26,3.179439627391716e-18,738420461.5550689,1.0,1.0,1.0,520.3303874417479,-8.755932867643423e-09
1700.0,0.1,7.68314312133639e-05,0.05996659255589599,0.05996659255589599,1.1389615085303896e-19,0.0,4.341319048728751e-24,4.7045092297237e-15,677129150.9953058,1.0,1.0,0.9999999999999999,520.3303874417473,-8.755364433454815e-09
1900.0,0.1,8.258388550516422e-05,0.06445635771146817,0.06445635771146813,3.984621140942588e-17,0.0,5.423890300373202e-22,1.472609618608346e-12,645572528.6470041,1.000000000000001,1.0000000000000013,0.9999999999999867,520.3303874417473,-8.754227565077599e-09
2100.0,0.1,8.81251539080756e-05,0.06878129321396441,0.06878129321395987,4.5436846976356605e-15,0.0,2.982636971195022e-20,1.5192984357016917e-10,632769921.5723951,1.0000000000000913,1.0000000000001223,0.9999999999987947,520.330387441747,-8.707274901098572e-09
2300.0,0.1,9.348306687929189e-05,0.07296312061209102,0.0729631206118647,2.2632435352864945e-13,0.0,8.774151711313868e-19,6.909675489871094e-09,632045879.6055703,1.0000000000036178,1.0000000000048523,0.9999999999515126,520.3303874417472,-7.469452611985616e-09
2500.0,0.1,9.867929224727652e-05,0.0770187515458714,0.07701875153799485,6.013477696493866e-12,0.0,1.863063155803615e-12,1.6890398441046217e-07,639205591.3583536,1.0000000000779454,1.0000000001045624,0.9999999989409172,520.3303874417542,1.2649479685933329e-08
2700.0,0.1,0.00010373125106357222,0.08096178300038291,0.08096178286600056,9.81099080048302e-11,0.0,3.6272445980199e-11,2.5515454061831004e-06,651543619.6283352,1.0000000010476844,1.0000000014056292,0.9999999855814264,520.3303874418646,2.3428242457157467e-07
2900.0,0.1,0.0001086532595784867,0.0848033878755207,0.08480338646051737,1.0882161675699393e-09,3.3845700641569866e-15,3.267837749868198e-10,2.6349437971101997e-05,667279588.2926646,1.0000000097050452,1.0000000130223952,0.9999998648228047,520.330387443072,2.0150704358457006e-06
3100.0,0.1,0.00011345716444636432,0.08855280510586694,0.0885527940471481,8.84860975499723e-09,3.4090963439637206e-14,2.210074989712018e-09,0.00020043216380570095,685224960.0220021,1.0000000666886304,1.0000000894943681,0.9999990605455126,520.3303874527708,1.3051113000983605e-05
3300.0,0.1,0.00011815224124035021,0.09221722823109207,0.09221716037605696,5.583774243169561e-08,2.1486394540268542e-13,1.2017077816536179e-08,0.0011881393468680347,704582692.0237463,1.0000003593300155,1.0000004822651134,0.9999948834830016,520.3303875130836,6.814426785695105e-05
3500.0,0.1,0.00012274297754722487,0.09579993224625089,0.09579959207039307,2.8568614360790347e-07,1.0791806806275565e-12,5.4488635034702475e-08,0.005731551437632569,724831349.2663922,1.0000015900166155,1.000002133729796,0.9999776318032413,520.3303878163905,0.0002974278633018912
3700.0,0.1,0.00012722045646068288,0.0992930339585272,0.0992915959163151,1.2262923434828326e-06,4.554447068369388e-12,2.1174531416807547e-07,0.0232721703221754,745667761.83843,1.0000059797597831,1.0000080189962481,0.9999215269020577,520.3303890930246,0.0011151394828630146
3900.0,0.1,0.00013153673090305078,0.10265594264752778,0.10265068530009101,4.536671555417519e-06,1.662030368730107e-11,7.206592610390209e-07,0.08167743272293916,767021352.0066972,1.0000193840335432,1.0000259801918543,0.9997600735740089,520.3303937154668,0.0036707534678726006
4100.0,0.1,0.00013554028164278298,0.10576105495531572,0.10574409319118178,1.4776901222242582e-05,5.3691751609035934e-11,2.184809219957969e-06,0.25304196033160065,789132224.8080631,1.0000554172632508,1.000074242169075,0.9993474856490606,520.3304084366109,0.010799841312973513
4300.0,0.1,0.00013883631854793687,0.10827663087811194,0.10822755845292441,4.309965020483164e-05,1.5611274955791295e-10,5.972618869958862e-06,0.7035224123678439,812708581.3771863,1.0001436945139432,1.0001925842021113,0.9983964533109894,520.3304504241221,0.02882264785728239
4500.0,0.1,0.00014053688109073246,0.10946087615230556,0.10933202648170043,0.00011403158262927776,4.1216888769869705e-10,1.481767580696634e-05,1.7776622049181048,839201770.0851231,1.0003424501378968,1.000459489578129,0.9963930903850216,520.3305592795151,0.07064180788313479
4700.0,0.1,0.00013895419699769596,0.10792824415000703,0.1076186470662011,0.0002762759723685364,9.889980600408284e-10,3.332012243932083e-05,4.120238933274972,871104055.8787235,1.000749189197739,1.001006185863371,0.9924946293108667,520.3308189878721,0.16065959784975803
4900.0,0.1,0.0001316151934151947,0.10174596985791082,0.10106201448643229,0.0006167610939976782,2.1395669413832837e-09,6.719213791391034e-05,8.815928983247431,912175199.117118,1.0015178154363649,1.0020400767453865,0.9854470589451744,520.3313951171733,0.3420453030585122
5100.0,0.1,0.00011643894085443806,0.08957124306120479,0.08817900856255327,0.0012728669218854847,4.1067908950015414e-09,0.00011936346997514593,17.491568576041136,967336304.23189,1.0028646860310082,1.0038529481179848,0.9735766795993457,520.332593874021,0.6868205350812104
5300.0,0.1,9.419932892613989e-05,0.07268258433377665,0.07006692899127673,0.0024315920670872717,6.899052144417126e-09,0.00018405637636049568,32.31576855624854,1041931848.326561,1.0050552198469838,1.0068030479833239,0.9549509505383884,520.3349506924642,1.3090945107452399
5500.0,0.1,6.948177570821119e-05,0.05529345355663321,0.05073588518105657,0.004310571737041173,1.0177478137576844e-08,0.00024698646105733525,55.91029854224896,1140330921.6147528,1.0083562115147444,1.0112508971788552,0.9277968837346663,520.3393567267447,2.381585890551605
5700.0,0.1,4.7621418719183265e-05,0.041644099022982536,0.0342409940516379,0.00710773163140993,1.350561576355896e-08,0.0002953598343189439,91.28994217232058,1264893894.6873124,1.0129925900889907,1.0175146299440723,0.8911946922858702,520.3472317866284,4.1553361623919045
5900.0,0.1,3.123328217892172e-05,0.033496121277652266,0.02221038347685076,0.010960207140734595,1.667039501593207e-08,0.00032551398967189314,141.92782160892062,1415813213.5187721,1.0190140131351948,1.0256754839946407,0.8457219817681184,520.3607519495864,6.982279628344827
6100.0,0.1,2.0128256830809388e-05,0.03046480633608088,0.014210297080475073,0.01591376932579999,1.9714199625101727e-08,0.00034072021560619444,211.7865787255056,1592623521.765003,1.0261801055733273,1.0354170203261526,0.7937062249536896,520.3831393112575,11.340113794072977
6300.0,0.1,1.2977798720982445e-05,0.03145328008094106,0.009120912329309066,0.02198636003043858,2.2796301999326782e-08,0.00034598492489141733,305.0693412818668,1796284677.147907,1.0340658053185634,1.0461981477668552,0.7388299972733414,520.4190201958423,17.858733297690947
6500.0,0.1,8.458687696300236e-06,0.03541930724687898,0.005928445045332538,0.029145475928518905,2.608845838837584e-08,0.00034536018456914975,425.63387400451427,2030590007.538455,1.0421198289524047,1.057264298362543,0.6850555322562337,520.4748567814368,27.347364889448613
6700.0,0.1,5.6023315740946476e-06,0.0416121394645312,0.003919929857246695,0.037350685003850984,2.973891410036029e-08,0.0003414948645194219,576.2143713980086,2302622504.7342234,1.0498546042260806,1.0680744882288553,0.6356447006727216,520.5594555988393,40.82147659343104
6900.0,0.1,3.7786569461413218e-06,0.04948354664560858,0.002641255282351732,0.046506290569143155,3.387033351078458e-08,0.0003359669237801792,757.5080164435954,2623237958.7874446,1.0569414639418095,1.0780535056901865,0.5925013329473886,520.6845548798578,59.52852951394357
7100.0,0.1,2.596738016841307e-06,0.05883778330783951,0.0018140539809969598,0.056694012265379026,3.8586376850223905e-08,0.0003296784750866701,971.9389558520705,2993386004.8723116,1.0632159463568132,1.0869573841302762,0.5562720496500769,520.8654912554606,84.97168764181617
7300.0,0.1,1.8175497907934127e-06,0.06927056140336128,0.0012693536387665726,0.06767802736562611,4.397775591747941e-08,0.00032313642121267245,1215.7791440475,3431386696.710423,1.068648134745571,1.0947281681803853,0.5266858705534538,521.1219448666201,118.93068585452193
7500.0,0.1,1.2947166497890743e-06,0.08053817148745376,0.0009041433273489324,0.0793173543249501,5.012589642691631e-08,0.0003166237092582986,1484.4841028834717,3952893740.131835,1.073296506133069,1.1016413305297188,0.5030376955930855,521.4787604557731,163.47916064546712
7700.0,0.1,9.377266471337005e-07,0.09245325544200267,0.0006549088804337929,0.0914879914984256,5.710441438859146e-08,0.00031029795872888655,1772.2596558062667,4575014160.279894,1.0772521528380883,1.1077653008390858,0.48437965636195573,521.9668402365199,220.99784838580058
7900.0,0.1,6.898403267376102e-07,0.10488908093138297,0.0004819098643019584,0.10410285895840654,6.49790242752074e-08,0.0003042471296502053,2072.515194769261,5316955429.319015,1.0806162491130988,1.113068777073127,0.46973009344707495,522.624102110578,294.1831218630688
8100.0,0.1,5.149353942892044e-07,0.11798815360055905,0.0003598779335427884,0.11732968101210528,7.380635093923396e-08,0.0002985208485600343,2392.0685652990537,6164905535.400733,1.0834884728701046,1.1176781542758691,0.45826198320962064,523.496493679349,386.0503275767237
8300.0,0.1,3.89643696512498e-07,0.1316263275258414,0.00027248053838243284,0.13106061523911694,8.363196515610778e-08,0.0002931481163768836,2724.7991833825477,7138934729.076281,1.085955988503592,1.1217067850560782,0.44928823302556986,524.6390480009118,499.9312499548146
8500.0,0.1,2.98605019351008e-07,0.14579366779618297,0.00020898843794199307,0.145296437488015,9.44878750986982e-08,0.0002881473823508889,3069.599361764723,8246351000.359641,1.088091607172439,1.1252511278200692,0.44225753242686594,526.1169605361781,639.4646909843368
8700.0,0.1,2.315650449158816e-07,0.16049538618683146,0.00016224190092779537,0.16004950560158074,1.0638966140441218e-07,0.00028353229466153353,3426.643762915536,9490532579.924524,1.0899651075860206,1.1284290204753473,0.43675480765338964,528.0066573286027,808.5785159454896
8900.0,0.1,1.81575340964771e-07,0.17554192163004773,0.00012739087237371958,0.1751350964632776,1.1933345145057165e-07,0.0002793149609449751,3784.329270377835,10907297167.856833,1.0916693050522537,1.1314698941530121,0.4325243538352749,530.3968110737318,1011.4604485147496
9100.0,0.1,1.4386024869726243e-07,0.1910644026813775,0.00010110263332565195,0.1906876590003419,1.3329298008378303e-07,0.0002755077547298768,4146.561154985797,12489520726.469141,1.0931825501756325,1.1342111533257984,0.429203248901476,533.3892429793581,1252.513239236218
9300.0,0.1,1.1509297318321133e-07,0.20737539632484747,8.105593360699334e-05,0.20702206795922784,1.482170724489249e-07,0.0002721242149401924,4542.444179148883,14147108700.552607,1.0945354276997645,1.1367590140906807,0.42662082099011583,537.0996224965044,1536.2873911831452
9500.0,0.1,9.292636954725614e-08,0.2240949968796412,6.561326271579385e-05,0.223760040205994,1.640280075643881e-07,0.0002691793829238716,4939.306551466413,15973165397.234802,1.0957515616891798,1.1391654211197317,0.42463091110225093,541.657842185172,1867.3812118622982
9700.0,0.1,7.568453924568109e-08,0.24124723197219686,5.3605517102781993e-05,0.24092675608776062,1.80621381483293e-07,0.00026668974595196385,5333.890655850407,17973716018.820847,1.0968482118045366,1.1413631511460398,0.42306748949676126,547.2078991882508,2250.2934262052895
9900.0,0.1,6.215739265295647e-08,0.25883127688587915,4.418859820707556e-05,0.25852221756535704,1.978682758198542e-07,0.0002646728540392027,5723.975367066082,20149039570.734074,1.0978400006182194,1.1433726540152052,0.42183600855229214,553.9070564227598,2689.20794508551
10100.0,0.1,5.146204570668843e-08,0.2768448141769951,3.674668212128691e-05,0.27654470520202545,2.1562074609055648e-07,0.0002631466721022281,6107.8520953011885,22494242392.617973,1.098738428403836,1.1452100613969551,0.4208625117228374,561.9239854760344,3187.684010615764
10300.0,0.1,4.294817366554326e-08,0.29520448806689586,3.082617668767274e-05,0.29491129955191575,2.3372184905493682e-07,0.0002621286164434356,6484.391740574113,24997900543.492027,1.0995440222392885,1.1469846322956176,0.42016906003243254,571.4355121493719,3748.218909595743
10500.0,0.1,3.6132646842261184e-08,0.3144718888167807,2.6090116575714677e-05,0.31418391221073977,2.520215919306448e-07,0.0002616344678732354,6910.586913302279,27410727833.76979,1.1002727723585806,1.1486030801387495,0.4196246100035359,582.6215034675844,4371.647063507851
10700.0,0.1,3.065391523473633e-08,0.3342209384593216,2.2286340096576494e-05,0.3339367048949815,2.7040023924182394e-07,0.0002616768240042557,7340.119695944268,29872357410.93864,1.1009302370413123,1.1500717159063856,0.4191914232454968,595.6573709604273,5056.342791863299
10900.0,0.1,2.623987576396944e-08,0.3543620688977235,1.9225073695315834e-05,0.3540802916150917,2.888002608362351e-07,0.0002622634086756389,7763.448098299179,32384499911.586124,1.1015206103724247,1.1513959831553113,0.4188399564753534,610.7036545164993,5797.2112298509555
11100.0,0.1,2.268505629529865e-08,0.374869151321452,1.6763016643845395e-05,0.3745886858568207,3.0726770114554667e-07,0.0002633951802862947,8178.9605718884095,34913198485.208664,1.1020470790933956,1.15257982488112,0.41854644395208956,627.892251776143,6584.492297421235
11300.0,0.1,1.983431865718998e-08,0.39571180847398224,1.4791973597295828e-05,0.3954316260982454,3.260027351494885e-07,0.00026506439940445056,8585.289329856734,37418972356.97999,1.102512053578426,1.1536260492765162,0.41829172041078444,647.309152277653,7402.476882031708
11500.0,0.1,1.757118401690485e-08,0.4168556778170929,1.3230711658238917e-05,0.41657484881354495,3.4541749797987684e-07,0.00026725287439169,8981.273037725312,39857985105.749016,1.102917376909554,1.1545366883152333,0.418060343173419,668.9741213937232,8228.348960798248
11700.0,0.1,1.5809484256588377e-08,0.4382630212191216,1.2019137526127593e-05,0.43798070521531524,3.6619690001631535e-07,0.000269930669380178,9365.913451832896,42183860036.568665,1.1032645226683995,1.1553133635537123,0.41783994279180536,692.818736909219,9031.513813854846
11900.0,0.1,1.4487446738081788e-08,0.4598937334148031,1.1114172050264964e-05,0.4596091743182843,3.893552953613541e-07,0.0002730555691732177,9738.333507938809,44350110769.62733,1.1035547877462448,1.1559576657132193,0.4176207467744553,718.6655022454511,9773.911903531825
12100.0,0.1,1.3563593312233675e-08,0.4817067698528024,1.0486890325741372e-05,0.4814192931778946,4.162792357416225e-07,0.00027657350534631846,10097.744024802832,46313044355.75931,1.103789481223451,1.1564715437879294,0.41739523062205675,746.212239446838,10411.868500314846
12300.0,0.1,1.3014020092436336e-08,0.5037655639075755,1.0120625027832541e-05,0.5034745745952615,4.4874532114308346e-07,0.00028041994196518626,10457.411708296871,47970618911.22322,1.103970104192821,1.1568576858747688,0.4171578561442327,775.0270977913844,10899.874791495049
12500.0,0.1,1.2830749989702317e-08,0.5259726160669127,1.0009818250858553e-05,0.5256775953908526,4.889038482945981e-07,0.00028452195396097357,10808.42127364005,49332312269.82465,1.1040985090474331,1.157119859663044,0.41690486077447114,804.5595063239622,11196.241510311664
12700.0,0.1,1.3020933777772821e-08,0.5481702549025869,1.0159465602183797e-05,0.5478707556683886,5.392246382888543e-07,0.0002888005439577132,11133.179355754952,50458797314.386536,1.1041770218761664,1.1572631697449463,0.4166340656167317,834.1704344182108,11269.838390090827
12900.0,0.1,1.3606730537942347e-08,0.5703265487360901,1.0585034786300344e-05,0.5700221885041972,6.024106741928938e-07,0.0002931727864323166,11430.51245665563,51347113609.75359,1.1042085104616648,1.1572941871825482,0.4163446764482547,863.1811316096018,11106.375271851273
13100.0,0.1,1.4625734462683083e-08,0.5924196064602515,1.1312766194812668e-05,0.5921100587034603,6.812953372153772e-07,0.0002975536952591048,11699.893893319111,52003287423.33473,1.104196384817849,1.1572209186091402,0.4160370620771357,890.9339801299584,10712.320105587354
13300.0,0.1,1.613183961401858e-08,0.6144792945482634,1.2380280288397286e-05,0.6141642774074515,7.787458031626587e-07,0.0003018581147204388,11946.723625994591,52418185086.09989,1.104144527329061,1.1570526076550192,0.4157125075512696,916.8543306737495,10114.959757513598
13500.0,0.1,1.8196452584073718e-08,0.6367352897292821,1.3837429480058234e-05,0.6364145515369264,8.97594872598206e-07,0.00030600316800298983,12200.451911661119,52489207692.491,1.10405716281994,1.1567993943210337,0.41537295281113273,940.500646971893,9358.286448847091
13700.0,0.1,2.090997794219691e-08,0.6590218548431748,1.5747342797320322e-05,0.6586951551486974,1.0406157108469384e-06,0.00030991173596927815,12438.770643318621,52348591516.22762,1.1039386907579303,1.156471886929852,0.4150207365432616,961.5931571641532,8495.8280746251
13900.0,0.1,2.4383513454058747e-08,0.6813525312465492,1.8187620220684707e-05,0.6810196158517047,1.210542201597826e-06,0.000313517232422219,12662.18211500434,52030292950.85253,1.103793507891082,1.1560807158476478,0.4146583673900007,980.0174355913608,7582.504411418187
14100.0,0.1,2.8750700398926916e-08,0.7037446506982676,2.125163962269263e-05,0.7034052190607066,1.410127299591797e-06,0.000316769870638686,12871.356543809854,51568043161.11652,1.103625848067178,1.15563613387811,0.41428834019931676,995.8061262506411,6667.632386635935
14300.0,0.1,3.416967763340526e-08,0.7262174028871293,2.504994178561341e-05,0.7258710658895193,1.6422268960790204e-06,0.0003196448289283582,13067.095457981673,50993350730.11388,1.1034396582014672,1.155147708809833,0.4139130062435642,1009.1066040704275,5790.436105600086
14500.0,0.1,4.0825085742545266e-08,0.7487901284512579,2.9711657622479618e-05,0.7484363537401743,1.909897933714763e-06,0.0003221531555275778,13250.293846334458,50334235295.993095,1.1032385189494593,1.1546241279536043,0.41353449698895184,1020.1435470283733,4978.359639709653
14700.0,0.1,4.893006008897884e-08,0.771480944686121,3.538593673637664e-05,0.7711189854692164,2.216504719221944e-06,0.000324356775449093,13421.906498030146,49614620521.159615,1.103025609246781,1.1540731115680638,0.41315469398057486,1029.1837508258513,4247.651402246103
14900.0,0.1,5.8728140020062346e-08,0.7943057191911072,4.2243328646050385e-05,0.7939345204812503,2.5658336942168367e-06,0.0003263895475166127,13582.921888554974,48854235268.06833,1.1028037076697976,1.153501417070757,0.4127752339104182,1036.507573940592,3605.3233453794883
15100.0,0.1,7.049500743892823e-08,0.8172773440665804,5.047705841465829e-05,0.8168954177253811,2.962222270154754e-06,0.0003284870605144539,13734.344949865597,48068852950.78421,1.1025752209307584,1.152914909703563,0.4123975375910537,1042.388555244374,3051.628245956005
15300.0,0.1,8.453995280577037e-08,0.8404052326589897,6.03041280006647e-05,0.8400104889570255,3.410710934222104e-06,0.00033102886302940004,13877.188572303086,47270719141.35187,1.1023422299375576,1.1523186758059998,0.4120228532184202,1047.080751423206,2582.4502637859214
15500.0,0.1,1.0120695151519225e-07,0.8636949552998487,7.196616414043784e-05,0.8632844737704851,3.917229837379701e-06,0.0003345981353858822,14012.472841306371,46469054502.97722,1.1021065455183867,1.1517171590701778,0.41165230677802994,1050.8123217945297,2191.289519872448
15700.0,0.1,1.2087521923238132e-07,0.887147940311682,8.572992344918362e-05,0.8867176561552349,4.488831957386562e-06,0.0003400654010405674,14141.230713187182,45670558444.39416,1.1018697680977916,1.1511143055643762,0.4112869548754696,1053.7836173194216,1870.7425700578153
15900.0,0.1,1.4395910153953542e-07,0.9107611836554234,0.00010188735591750786,0.9103054576533341,5.133985106654404e-06,0.00034870466106500815,14264.518905076864,44879870588.37162,1.1016333476479214,1.1505137083050916,0.4109278372062515,1056.1681950093237,1613.5124932374072
16100.0,0.1,1.7090714113767985e-07,0.9345269299326793,0.00012075511905447534,0.9340379596663902,5.862934700337047e-06,0.00036235221253426897,14383.433052609336,44099969869.44032,1.101398641810105,1.149918745974261,0.41057602717966146,1058.1155220864687,1413.0401741452354
16300.0,0.1,2.0220015441379717e-07,0.959100729067994,0.00014267342625481403,0.9585677472731712,6.688148222841747e-06,0.00038362022034526817,14557.33279740971,43159244271.09706,1.1011669711026104,1.149332712832308,0.41023267990323564,1059.7544973503263,1263.8591271272276
16500.0,0.1,2.3834813743105708e-07,0.9840727963244956,0.0001680041038611412,0.9834809887887284,7.624850458608184e-06,0.00041617858144762297,14750.631291122787,42180304299.64434,1.100939670634059,1.148758938069896,0.4098990769098602,1061.1972246815626,1161.7632541988241
16700.0,0.1,2.798857909294929e-07,1.0091703602635964,0.00019712771015203265,1.0084994215788419,8.691654775796844e-06,0.00046511931982672213,14944.890600620814,41223308200.09853,1.1007173615003358,1.1482093133213993,0.40958387748580305,1062.542702632822,1103.8556341720223
16900.0,0.1,3.2736643770019247e-07,1.034286842305031,0.0002304395568104077,1.033509074737117,9.9112906094724e-06,0.0005374167204941088,15141.917592142163,40286216432.434,1.1004992655082053,1.1477122439998961,0.4093098873066252,1063.8802489816574,1088.5250029260303
17100.0,0.1,3.8135435629390596e-07,1.0594786190059258,0.00026834462832706464,1.058556469631634,1.1311427392942291e-05,0.000642493318571584,15343.272465473476,39367715858.6774,1.1002901537296987,1.1472377884527312,0.409049910603069,1065.2925748140187,1115.378418119847
17300.0,0.1,4.424146914698576e-07,1.084700177141393,0.0003112508462477457,1.083583105910381,1.2925558043430146e-05,0.0007928948267208302,15551.25841273095,38464757525.93233,1.100091855951107,1.1467901248658647,0.4088059051982547,1066.8584746924175,1185.1444993222372
17500.0,0.1,5.111011972753125e-07,1.109899012462598,0.0003595608112304594,1.1085195950935718,1.4793923807850484e-05,0.0010050626339878834,15768.672058705335,37573563044.5595,1.0999063899560069,1.1463737793514894,0.40858004871164066,1068.6551214256256,1299.5512612471612
17700.0,0.1,5.87941192376203e-07,1.1350161701273316,0.00041366159661445555,1.1332853704792563,1.696441402141847e-05,0.001300173637439531,15998.921067009638,36689611345.092606,1.0997359616762594,1.1459935987379408,0.4083747135901379,1070.7599564544878,1461.1753033842872
17900.0,0.1,6.734173825783734e-07,1.1599873984999687,0.0004739123329873646,1.1577890062248684,1.949335568379294e-05,0.0017049865864291179,16246.175126025366,35807587650.99567,1.099582943706438,1.1456546728469945,0.40819241636903797,1073.2521573255926,1673.254522485382
18100.0,0.1,7.679461320574871e-07,1.1847450769864218,0.0005406292672035081,1.1819294068926796,2.2446070809192634e-05,0.002252594755729807,16515.561387360784,34921299125.4047,1.0994498266210693,1.145362196131415,0.4080357358375855,1076.2136483006514,1939.454423633296
18300.0,0.1,8.718517869841725e-07,1.209221040072362,0.000614067982131117,1.2055981383347687,2.5897038620633834e-05,0.002982936716841413,16813.419209136006,34023564264.114113,1.0993391381953432,1.1451212611056059,0.4079071962974264,1079.7296038415302,2263.57867530966
18500.0,0.1,9.853367598503734e-07,1.2333503316149383,0.0006944025177646315,1.2286831345600526,2.9929456395625476e-05,0.003942865080725291,17147.634350295546,33106088012.04232,1.099253327739508,1.144936581716601,0.40780911527798314,1083.8883823998058,2649.2181134132697
18700.0,0.1,1.1084473166555166e-06,1.2570757742473146,0.0007817012721139187,1.2510739123797625,3.463395321648928e-05,0.005185526642221912,17528.080539137467,32159341992.157955,1.0991946166823503,1.1448121541765381,0.40774342014216425,1088.7808244351008,3099.3392065064336
18900.0,0.1,1.2410354237962083e-06,1.280353028739418,0.0008758998187946523,1.2726682417611699,4.010618521969483e-05,0.006768780974233771,17967.208361737023,31172478811.84933,1.0991648223094492,1.1447508754794808,0.4077114447571113,1094.4988587461316,3615.8228987750877
19100.0,0.1,1.382717653529766e-06,1.3031555689580918,0.000976771195316556,1.2933799574550937,4.644304353319214e-05,0.008752397264148358,18480.84084028322,30133319891.165283,1.0991651686044266,1.1447541542025728,0.40771372489838975,1101.133388587505,4198.976838817962
19300.0,0.1,1.5328330420820965e-06,1.3254787603572122,0.00108389482142727,1.3131472868890828,5.3737254873553046e-05,0.011193841391828722,19089.267479017228,29028465187.593708,1.0991961051067163,1.1448215610580048,0.4077498175918424,1108.7714749386735,4847.05640526587
19500.0,0.1,1.6903983183237e-06,1.3473140610524648,0.0011966228295772505,1.3319127965970614,6.207009991946304e-05,0.014142571525906616,19820.170082272274,27841629540.930424,1.0992544947879626,1.1449614167677167,0.4078245146179483,1117.4928965250829,5555.839941140426
19700.0,0.1,1.8540661380175185e-06,1.3686461281217954,0.0013140475954184752,1.3496275696171312,7.150233030488924e-05,0.017633008578940918,20711.825064787026,26553745083.888165,1.099332115962967,1.1451890058526206,0.40794734005837047,1127.3662376697757,6318.308258129878
19900.0,0.1,2.0221365083137003e-06,1.3896131821076017,0.0014350053097924394,1.3664189938632676,8.206540166544291e-05,0.021677117532876367,21807.822678383134,25155248810.98227,1.0994329045971014,1.1454664907052694,0.4080966986887999,1138.444725491454,7124.475579586184
20100.0,0.1,2.192521880810963e-06,1.4102892835351322,0.0015580472707703958,1.382381060291518,9.374981500472815e-05,0.026256426157839026,23172.484455893962,23632617396.67701,1.0995533485802527,1.1457851912264105,0.4082678581416605,1150.7620947483433,7961.408245717859
20300.0,0.1,2.362778446954004e-06,1.4313215660052454,0.001681457159401136,1.3982181460273637,0.00010649548956870136,0.031315467328911904,25005.22706790812,21878940734.930378,1.0996892683204338,1.1461349857159056,0.4084553295954831,1164.328791066167,8813.45055131519
20500.0,0.1,2.530159675927289e-06,1.4524963541150946,0.0018032850211326947,1.4138154013278812,0.00012018383508916401,0.03675748393099153,27445.438721736773,19927907025.66057,1.0998360488001833,1.1465048688127581,0.40865316785508826,1179.1288256219113,9662.657630111604
20700.0,0.1,2.6917052256853985e-06,1.4735847513647864,0.0019214081396299134,1.4290849939693449,0.0001346334846315136,0.04244371577118022,30699.993050425826,17821104282.443684,1.0999888994234939,1.1468835615709543,0.4088552980794074,1195.1175668114838,10489.417296903055
20900.0,0.1,2.8443651475518484e-06,1.494610643388233,0.0020336197388327888,1.4442301616479685,0.00014960125597606084,0.04819726074545542,35189.41510069412,15560545545.163033,1.1001431099124843,1.1472601004785472,0.4090558300504454,1212.2207027931622,11273.22885710961
21100.0,0.1,2.9851540542716687e-06,1.5155684916899161,0.0021377422747789108,1.4594539778812816,0.00016478950063209926,0.053811982033223744,41674.715766095454,13155344194.752949,1.1002942746104258,1.1476243436461102,0.4092493271944635,1230.3345407435722,11993.597446046057
21300.0,0.1,3.111324065227668e-06,1.536426257032798,0.002231757129029851,1.474948461369538,0.0001798602275871915,0.05906617830664316,51692.37304984029,10622040033.75472,1.100438466315515,1.1479673538388475,0.40943100915627745,1249.3277305037445,12630.995806494922
21500.0,0.1,3.220540087689518e-06,1.5571340317441142,0.002313937853597989,1.4908857853545385,0.00019445533314871777,0.06373985320282904,68884.63982538675,7984345957.459245,1.1005723512819834,1.148281642591835,0.40959687988041044,1269.0444150981837,13167.839294575027
21700.0,0.1,3.3110377456940484e-06,1.5776369275603475,0.0023829710853579883,1.507412141554018,0.00020822111843773528,0.06763359380253357,104497.06558549947,5272297632.002172,1.100693246535445,1.1485612811334456,0.4097437845759098,1289.3087189615753,13589.413212309159
21900.0,0.1,3.3817442132859375e-06,1.5978897708896906,0.0024380490266146006,1.5246443734779416,0.0002208342999660073,0.07058651408516833,218908.0259926524,2520864933.616213,1.1007991274203772,1.148801898557286,0.4098694067001397,1309.9303873711951,13884.685456479328
22100.0,0.1,3.4323458639242266e-06,1.6178707189325283,0.0024789204971654433,1.5426691415484683,0.00023202619042159966,0.07249063069647307,0.0,0.0,1.1008885968185695,1.1490005947913586,0.4099722197826374,1330.711292358028,14046.93523618625
22300.0,0.1,3.4632935828247854e-06,1.6375911559455107,0.0025058935492231916,1.5615441553229497,0.00024160183204638213,0.07329950524129142,0.0,0.0,1.100960828187527,1.1491557966833068,0.4100514092290712,1351.4524313496972,14074.134322552403
22500.0,0.1,3.4757454568132056e-06,1.657100092058869,0.0025197901432232515,1.5813009055918574,0.0002494516257676203,0.07302994469802081,0.0,0.0,1.1010154933758038,1.1492670821763646,0.41010677739878065,1371.9609795956824,13969.03385459269
22700.0,0.1,3.4714598290341244e-06,1.6764716840250085,0.0025218632098295284,1.601937412008883,0.0002555545745285387,0.07175685423176734,0.0,0.0,1.1010538413351805,1.1493392987508033,0.4101409345059701,1392.0569316516253,13738.937151423377
22900.0,0.1,3.452634641850872e-06,1.6958254050931385,0.002513677272160546,1.6234496473487123,0.0002599719458531325,0.06960210852641238,0.0,0.0,1.1010757202312789,1.1493715924910433,0.4101534585270382,1411.5788917375676,13395.1737223696
23100.0,0.1,3.4217438541935854e-06,1.7153025225056724,0.0024969868668507987,1.645822617063596,0.00026283510725197623,0.06672008346797367,0.0,0.0,1.1010808863033201,1.1493623716962562,0.4101435360726964,1430.3886499108903,12952.325313582069
23300.0,0.1,3.381374877466629e-06,1.735041271760997,0.0024736179007280464,1.669021380592029,0.00026432888106055495,0.06328194438717927,0.0,0.0,1.1010702943637913,1.1493142048991005,0.41011256863940043,1448.3743019547542,12427.283983143136
23500.0,0.1,3.3340740659950984e-06,1.7551747267878517,0.002445358184788796,1.6930039114803916,0.00026467232587580315,0.05946078479679535,0.0,0.0,1.1010450342439075,1.1492299457102408,0.41006210953149497,1465.4518172123912,11838.238774858202
23700.0,0.1,3.2822246241256134e-06,1.7758213896944497,0.002413872430146851,1.717723927957094,0.00026410034640853605,0.05541948896080042,0.0,0.0,1.1010062811705918,1.1491126169984636,0.40999380167731553,1481.5651070991257,11203.688635121462
23900.0,0.1,3.2279588079267184e-06,1.797078775285916,0.002380642628900332,1.743133146765153,0.0002628477112421922,0.051302138180620474,0.0,0.0,1.1009552550385964,1.1489653159230193,0.40990932627713533,1496.6847751534826,10541.565695433681
24100.0,0.1,3.17310474783175e-06,1.8190201539126931,0.0023469332545681012,1.7691829757598603,0.00026113656664830166,0.047229108331616594,0.0,0.0,1.1008931879178718,1.1487911383497718,0.40981036259928116,1510.8058206191595,9868.529052972539
24300.0,0.1,3.119164217514827e-06,1.841694106790901,0.002313778078944721,1.7958257182791915,0.00025916780276093946,0.04329544263000373,0.0,0.0,1.1008212992967907,1.148593121262407,0.4096985567114213,1523.9446141125272,9199.460537330135
24500.0,0.1,3.0673152835443173e-06,1.8655916147604543,0.0022819839675316737,1.8234807572615983,0.00025711605311539684,0.03957175747820898,0.0,0.0,1.1007407780563079,1.1483742009293165,0.4095754989451455,1536.1354673112469,8547.166387160763
24700.0,0.1,3.018432887858396e-06,1.8907343238558079,0.002252146623548318,1.8521202122431488,0.00025512774339080867,0.03610683724571989,0.0,0.0,1.1006527702659872,1.1481371846688697,0.4094427088714236,1547.4270872608704,7922.266560905264
24900.0,0.1,2.973120689658016e-06,1.9166818037064182,0.00222467360887715,1.8812726713376684,0.0002533214418383393,0.03293113731803423,0.0,0.0,1.1005583719577716,1.14788473413197,0.4093016260877208,1557.8791518434255,7333.238770485098
25100.0,0.1,2.931748488812454e-06,1.9434101789884084,0.0021998107639313994,1.910898006973652,0.00025178975711650706,0.030060571493708416,0.0,0.0,1.1004586258782223,1.1476193578091243,0.4091536062144741,1567.5591785510717,6786.5774566637265
25300.0,0.1,2.8944625538339298e-06,1.9708154227435144,0.0021776511998155704,1.9408872904777046,0.00025059967081883045,0.027499881395175486,0.0,0.0,1.1003534504511774,1.1473535883268995,0.4090086127093647,1576.5397946305075,6287.027582356682
25500.0,0.1,2.861267189987165e-06,1.9988155682985247,0.002158188098470109,1.971161240120743,0.00024979948894524105,0.025246340590366397,0.0,0.0,1.1002430988702183,1.1470952488196866,0.40887262186954404,1584.8964600613813,5837.857348581914
25700.0,0.1,2.8320965729694358e-06,2.027474682763164,0.0021413630287488083,2.0017912152311057,0.00024942543753535593,0.02329267906577457,0.0,0.0,1.1001300255529443,1.1468309199153375,0.408733512413277,1592.7056496014886,5441.140689736933
25900.0,0.1,2.8067431566818967e-06,2.0567488615021485,0.0021270221069270012,2.032744055132709,0.0002494958641221144,0.02162828839839029,0.0,0.0,1.1000150472006052,1.1465625004888969,0.4085922868148701,1600.043467599424,5098.027956892801
26100.0,0.1,2.784926502473481e-06,2.0865937944642714,0.002114960293970558,2.063987551142019,0.0002500176150628223,0.020241265413218877,0.0,0.0,1.0998989370893653,1.146291784315117,0.40844989167905704,1606.9846484073396,4808.990334108383
26300.0,0.1,2.766312648796745e-06,2.1169656157918495,0.0021049344980469346,2.0954901561493497,0.0002509881241444904,0.0191195370203079,0.0,0.0,1.099782430297649,1.1460204722687775,0.40830722403729763,1613.6018840434172,4574.029554915228
26500.0,0.1,2.7505294210096753e-06,2.1478213913796997,0.002096673929486569,2.1272207241609777,0.0002523970699271528,0.018251596219307817,0.0,0.0,1.0996662286902905,1.1457501837897301,0.4081651371804284,1619.9654170800854,4392.849119515036
26700.0,0.1,2.7371783100015836e-06,2.1791193309521097,0.0020898881627816244,2.1591482929238532,0.00025422763605668203,0.017626922229418248,0.0,0.0,1.099551005320072,1.1454824668605021,0.4080244457558942,1626.1428380429693,4264.986477559662
26900.0,0.1,2.7258435891100946e-06,2.2108188040131984,0.0020842733828088833,2.191241924474769,0.00025645742728782684,0.017236148728332578,0.0,0.0,1.0994374079835714,1.1452188058977693,0.40788592972946863,1632.199031017248,4189.907727176946
27100.0,0.1,2.7160993217226204e-06,2.24288022587247,0.002079517277438171,2.2234706165021074,0.00025905910296708447,0.017071032989957127,0.0,0.0,1.099326061690258,1.1449606270279435,0.40775033695570245,1638.19621730773,4167.067552822175
27300.0,0.1,2.7075148614047e-06,2.27526486854688,0.0020753030017768223,2.255803296806503,0.00026200079231856836,0.01712426794628194,0.0,0.0,1.099217569837054,1.1447093003006088,0.4076183841575927,1644.1940535752142,4195.937657097313
27500.0,0.1,2.6996593782707736e-06,2.307934643050435,0.0020713125904905046,2.288208913743439,0.0002652463551784724,0.017389170361326773,0.0,0.0,1.099112513928948,1.1444661385006423,0.4074907560907151,1650.249747376941,4276.0070820858555
27700.0,0.1,2.692105868811009e-06,2.342391595031883,0.0020672301394362063,2.3221963372321426,0.00026875554978981396,0.017859272110514055,0.0,0.0,1.099011451713113,1.1442323923007263,0.40736810281093605,1656.4181592398213,4406.757767478519
27900.0,0.1,2.684435025875633e-06,2.377416315163728,0.0020627450185809358,2.3565532477668216,0.0002724841660297218,0.01852783821229593,0.0,0.0,1.09891491365411,1.1440092416338745,0.4072510349834661,1662.7518659192087,4587.618611037755
28100.0,0.1,2.6762392622482296e-06,2.412684673073334,0.0020575553152453606,2.3909633989545664,0.0002763841787839035,0.019387334624738232,0.0,0.0,1.0988233977465556,1.1437977833269681,0.4071401172361703,1669.3011646002449,4817.901290694557
28300.0,0.1,2.667127094848564e-06,2.448161137548072,0.0020513716396241503,2.4254004914286575,0.00028040397195493654,0.020428870507834943,0.0,0.0,1.0987373627319366,1.1435990152119275,0.4070358597313582,1676.114002657328,5096.721243229191
28500.0,0.1,2.656728006395799e-06,2.48381086402264,0.0020439213528945497,2.4598408109417793,0.0002844886778365419,0.021641643050129968,0.0,0.0,1.098657219894506,1.143413817173147,0.4069387081905425,1683.2358222190123,5422.907499888928
28700.0,0.1,2.644697807366481e-06,2.51959997913069,0.002034953202516046,2.494264028020673,0.00028858066917813487,0.023012417238322664,0.0,0.0,1.0985833237226674,1.143242929844324,0.40684903274313894,1690.7093135591924,5794.9055463439645
28900.0,0.1,2.630724424894482e-06,2.5554960041514168,0.002024242271537383,2.5286540645643387,0.0002926202313574043,0.024525077084183278,0.0,0.0,1.0985159618339804,1.1430869319243468,0.4067671161574056,1698.5740762952641,6210.677961412079
29100.0,0.1,2.6145339505727394e-06,2.591468416385635,0.002011595072717856,2.562999987244811,0.00029654642965051695,0.026160287638455956,0.0,0.0,1.0984553446881182,1.142946217352342,0.40669314209360036,1706.8661927216667,6667.608223696185
29300.0,0.1,2.595896691848517e-06,2.627489336145864,0.001996854549761921,2.597296876028792,0.0003002981712408747,0.027895307396069866,0.0,0.0,1.0984015957128557,1.142820973797046,0.406627184141911,1715.6177231684128,7162.413659688329
29500.0,0.1,2.5746035083103015e-06,2.6635077456905787,0.0019798829736864323,2.63152040156691,0.0003038119758921705,0.02970364917409008,0.0,0.0,1.0983548343464378,1.142722149294418,0.40657480499289567,1724.8561390387008,7691.073925241259
29700.0,0.1,2.550535033373395e-06,2.6995111191437178,0.0019606134706083747,2.665684551027851,0.00030861654261737486,0.03155733810264081,0.0,0.0,1.0983149707541955,1.1426481894408347,0.40653518004360295,1735.2254701761342,8249.142660981026
29900.0,0.1,2.523655800231568e-06,2.7349373544358366,0.0019390453467290365,2.699833874027171,0.0003104935227164937,0.03285394153922022,0.0,0.0,1.0982817281479589,1.1425874363001502,0.4065023226452665,1745.1103561150144,8679.752336669852
30000.0,0.1,2.5091583485783005e-06,2.752918213112116,0.001927405556386975,2.7169106706223833,0.00030688682712357994,0.03377325010622258,0.0,0.0,1.0982675028403528,1.1425617585954275,0.40648829056176516,1748.4964415370168,8974.453859705452
