T_K,P_atm,mu_Pa_s,kappa_W_mK,kappa_H_W_mK,kappa_e_W_mK,kappa_int_W_mK,kappa_reac_W_mK,sigma_S_m,nu_e_1_s,Astar_e,Bstar_e,Cstar_e,cp_frozen_J_kgK,cp_reac_J_kgK,kappa_reac_grad_mass_W_mK,kappa_reac_grad_mole_W_mK,kappa_reac_cp_W_mK
300.0,4.0,2.4368509012111446e-05,0.019019513603473984,0.019019513603473984,1.9502170698704794e-131,0.0,5.009678787183512e-82,4.564738441123096e-126,258114786115.18997,1.0,1.0,1.0,520.3303874417475,-8.755478120292537e-09,5.009678787183512e-82,5.009678505062246e-82,0.0
500.0,4.0,3.406177545340502e-05,0.026585065227936522,0.026585065227936522,6.439665845660986e-78,0.0,4.0934525991526094e-58,9.043728729026634e-73,132419913947.41779,1.0,1.0,1.0,520.3303874417473,-8.755364433454815e-09,4.0934525991526094e-58,4.0934522149726705e-58,0.0
700.0,4.0,4.239956365907846e-05,0.03309267207913465,0.03309267207913465,8.001003391079222e-55,0.0,8.561632460602138e-45,8.026026943468984e-50,80736239115.80717,1.0,1.0,1.0,520.3303874417475,-8.755478120292537e-09,8.561632460602138e-45,8.561631335875329e-45,0.0
900.0,4.0,4.9929735053240994e-05,0.03896993757767583,0.03896993757767583,6.546505256992133e-42,0.0,2.2546901738455005e-36,5.107650948674513e-37,55316864894.72694,1.0,1.0,1.0,520.3303874417475,-8.755478120292537e-09,2.2546901738455005e-36,2.2546897931206792e-36,0.0
1100.0,4.0,5.690703261320654e-05,0.04441568749168576,0.04441568749168576,1.1923329761310044e-33,0.0,1.4305727718375605e-30,7.611304013417444e-29,41636168111.96272,1.0,1.0,1.0,520.3303874417471,-8.755137059779372e-09,1.4305727718375605e-30,1.4305724766693364e-30,0.0
1300.0,4.0,6.347442238075663e-05,0.04954150618503134,0.04954150618503134,6.535196657117811e-28,0.0,2.5333215997440673e-26,3.529957764181692e-23,33931611159.486244,1.0,1.0,1.0,520.3303874417476,-8.755819180805702e-09,2.5333215997440673e-26,2.5333209821641114e-26,0.0
1500.0,4.0,6.972166902565843e-05,0.05441745458581029,0.05441745458581029,1.0738846801502558e-23,0.0,4.512688686128603e-23,5.027135452777408e-19,29536818462.20276,1.0,1.0,1.0,520.3303874417479,-8.755932867643423e-09,4.512688686128603e-23,4.5126874170460146e-23,0.0
1700.0,4.0,7.570954814605516e-05,0.05909096777981595,0.05909096777981595,1.800856267108653e-20,0.0,1.6822587437463464e-20,7.438482219605569e-16,27085166039.812225,1.0,1.0,1.0,520.3303874417473,-8.755591807130259e-09,1.6822587437463464e-20,1.6822582076779528e-20,0.0
1900.0,4.0,8.148150608999232e-05,0.06359595544971552,0.06359595544971552,6.300239209118912e-18,0.0,2.056696124576111e-18,2.3284002495372187e-13,25822901145.87919,1.0000000000000002,1.0000000000000002,0.9999999999999981,520.3303874417473,-8.755364433454815e-09,2.056696124576111e-18,2.056695392210466e-18,0.0
2100.0,4.0,8.706990230728248e-05,0.06795767400309731,0.06795767400309648,7.184196307112726e-16,0.0,1.1034421535633888e-16,2.4022217511823227e-11,25310796862.80913,1.0000000000000142,1.000000000000019,0.999999999999836,520.330387441747,-8.746837920625694e-09,1.1034421535633888e-16,1.1034417193490951e-16,0.0
2300.0,4.0,9.249962462576415e-05,0.07219554827965056,0.07219554827961161,3.57850223601265e-14,0.0,3.1642204237245885e-15,1.0925156221823802e-09,25281835180.734234,1.000000000000566,1.0000000000007583,0.9999999999934951,520.3303874417469,-8.550614438718185e-09,3.1642204237245885e-15,3.1642190601657102e-15,0.0
2500.0,4.0,9.779031440895281e-05,0.07632490827769912,0.07632490827669262,9.508143114930237e-13,0.0,5.5686143415303946e-14,2.6706064911334012e-08,25568223577.1663,1.0000000000122091,1.0000000000163531,0.9999999998596841,520.3303874417481,-5.370225153455976e-09,5.5686143415303946e-14,5.568611733480545e-14,0.0
2700.0,4.0,0.00010295780423752915,0.08035811127433573,0.08035811125359921,1.5512539074328364e-11,0.0,5.223987956585164e-12,4.034347684412725e-07,26061743712.95402,1.0000000001643286,1.0000000002201042,0.9999999981114224,520.3303874417661,2.9670900403289124e-08,6.645092173716314e-13,6.645088812868898e-13,4.559478739213532e-12
2900.0,4.0,0.0001080150843645084,0.08430529627343536,0.08430529604540758,1.7206214177353827e-10,0.0,5.596564110818304e-11,4.166213561397797e-06,26691173225.51251,1.0000000015245076,1.0000000020419502,0.9999999824792897,520.3303874419573,3.1123909138841555e-07,5.788750490492534e-12,5.788747346167295e-12,5.017689061769051e-11
3100.0,4.0,0.00011297297418380879,0.08817490892599139,0.08817490714125853,1.3990913198625572e-09,4.636518006049638e-15,3.8563690788112435e-10,3.169119282969466e-05,27408924773.82152,1.000000010492554,1.0000000140538954,0.9999998794122178,520.330387443493,2.056190510302258e-06,3.892950872087119e-11,3.892948611869381e-11,3.4670739916025315e-10
3300.0,4.0,0.00011784060191936976,0.09197408001323938,0.09197406907958443,8.828834626743356e-09,3.5274104545089876e-14,2.1047850505806235e-09,0.00018786407667109513,28182894982.58883,1.0000000566315468,1.0000000758532035,0.9999993491505798,520.3303874530474,1.0767182743620651e-05,2.11036848365536e-10,2.1103671794665208e-10,1.8937482022150874e-09
3500.0,4.0,0.00012262575552915352,0.09570891506065637,0.09570886032709397,4.517346129317693e-08,1.8903907004816138e-13,9.55991206833031e-09,0.0009062958058084061,28991400037.975613,1.0000002501239549,1.0000003350200417,0.9999971254002419,520.3303875011441,4.7020103465911234e-05,9.54127422708914e-10,9.54126797501747e-10,8.605784645621395e-09
3700.0,4.0,0.000127335144636598,0.09938474885327435,0.09938451771499897,1.9393200540759642e-07,8.469521585662737e-13,3.720542302659686e-08,0.003680472983987387,29820067113.9952,1.0000009345332697,1.0000012517288683,0.9999892596888106,520.3303877038371,0.00017631166303999635,3.6969586768699005e-09,3.696956118974227e-09,3.350846434972696e-08
3900.0,4.0,0.0001319745994046223,0.10300643628408498,0.10300559165899975,7.177482593145232e-07,3.298054772145298e-12,1.26873527867812e-07,0.01292309950570081,30660048962.229134,1.0000030451643631,1.0000040807855435,0.9999658360021656,520.3303884387302,0.0005803897144005532,1.2550094947549088e-08,1.255008583743765e-08,1.143234329202629e-07
4100.0,4.0,0.00013654922365630888,0.10657879206508504,0.1065760656686321,2.340362712950608e-06,1.1554928942245511e-11,3.8602218506092776e-07,0.040083452375624024,31507011533.302525,1.0000088306132535,1.0000118504072315,0.999907703145271,520.3303907833231,0.0017075974739100275,3.8005603896915246e-08,3.8005575349747266e-08,3.480165811640125e-07
4300.0,4.0,0.00014106351406458477,0.11010735536270007,0.11009944937293689,6.842249437987361e-06,3.7188012860334566e-11,1.0637031371744093e-06,0.1117409160326648,32361645395.70499,1.000022929090821,1.0000308044952764,0.999774360759536,520.330397485981,0.004557253399525507,1.0420734759255413e-07,1.0420726934829677e-07,9.594957895818553e-07
4500.0,4.0,0.0001455214536663051,0.11359973245086252,0.11357885150531953,1.819297802628212e-05,1.1105904195384934e-10,2.6878564576740363e-06,0.28392914399053504,33230415487.770588,1.0000541596106378,1.0000728278513609,0.9994940030552842,520.330414911154,0.011169443178914662,2.6189584866081636e-07,2.618956693959516e-07,2.42596060901322e-06
4700.0,4.0,0.00014992658559193414,0.1170678374849621,0.11701703744507452,4.4505951307034674e-05,3.103949978354076e-10,6.293778185553106e-06,0.6651503988237936,34127374280.321167,1.0001178678887086,1.0001586152035487,0.9989475216681264,520.3304566201372,0.025402505491911143,6.09433537967147e-07,6.094332561829183e-07,5.684344647585959e-06
4900.0,4.0,0.00015428207130654812,0.1205313619650895,0.12041647466766696,0.0001011089794810522,8.195945072935975e-10,1.377749834698393e-05,1.4499772655719185,35076466921.51877,1.0002388016709747,1.0003215602613231,0.9979508700772669,520.3305495112072,0.054082103680457294,1.3239177851384992e-06,1.3239179166572289e-06,1.2453580561845432e-05
5100.0,4.0,0.00015859073655821786,0.12402270483991187,0.12377936859744926,0.00021492678664573086,2.0562117993492012e-09,2.8407399605090236e-05,2.9632641536816835,36113318487.61094,1.000457201309419,1.0006169310157835,0.9962394729229198,520.3307436981913,0.1085958544794039,2.702479382616052e-06,2.7024830471841936e-06,2.5704920222474186e-05
5300.0,4.0,0.00016285510744998933,0.1275932167693399,0.1271076907476379,0.0004300003404708892,4.919767847900341e-09,5.552076146328596e-05,5.7111228146988005,37287687741.77679,1.0008287591343703,1.0011208857203662,0.9934517281264849,520.3311275844438,0.20698600955665825,5.209225900608199e-06,5.209246559486887e-06,5.0311535562677756e-05
5500.0,4.0,0.00016707743847522915,0.13132002426460865,0.13040320058206895,0.0008133948441995262,1.1265044978535447e-08,0.00010341757329517494,10.429539119723573,38662843289.122116,1.0014281250548,1.0019379351959028,0.9891275375895399,520.3318498742944,0.37656178829581677,9.514619539777062e-06,9.514706275704197e-06,9.390295375539788e-05
5700.0,4.0,0.0001712597339022323,0.13531176116879717,0.1336674621781631,0.0014598316551001694,2.476030460818064e-08,0.00018444257522929174,18.116513368208935,40312899874.08274,1.0023467796695542,1.0031998978112335,0.9827190288907149,520.33315050235,0.657016340176483,1.6501614650123072e-05,1.6501926925935357e-05,0.00016794096057916867
5900.0,4.0,0.00017540376350019924,0.1397113219133378,0.13690185646142924,0.0024931884457243198,5.238301081593597e-08,0.0003162246231733988,30.03471494719808,42315642156.67693,1.0036907457525084,1.0050605392672967,0.9736270144687327,520.3354027431001,1.1039953821773452,2.720231732153744e-05,2.7203328312602206e-05,0.00028902230585186136
6100.0,4.0,0.0001795110732097562,0.14469371093617459,0.14010758947494814,0.004062979020735177,1.069319696263747e-07,0.0005230355085216292,47.6805811537103,44744162599.27599,1.0055704794315967,1.0076753225924902,0.961265533496122,520.339169068124,1.7930295814068131,4.263451679748468e-05,4.2637527398350535e-05,0.0004804009917241446
6300.0,4.0,0.00018358299093364686,0.15045936199610518,0.14328569680798292,0.006336205112112937,2.1110138081904047e-07,0.0008372489746285081,72.72674256234221,47661819061.23831,1.008089067031605,1.0112162918558885,0.9451428523685145,520.3452736709698,2.8237142119439795,6.3538675269521e-05,6.354703014097204e-05,0.0007737102993589871
6500.0,4.0,0.00018762062708353462,0.1572289498704762,0.146437043876727,0.009490555933926894,4.0387483223460545e-07,0.0013009461849900572,106.95345620002497,51120242670.74554,1.0113240144255382,1.015839672666958,0.9249658413256072,520.3548950091871,4.3239998142800005,9.009311534184696e-05,9.011490628962512e-05,0.0012108530696482102
6700.0,4.0,0.00019162486873508798,0.16522712185961325,0.14956232111984122,0.013696259286005706,7.502497162975544e-07,0.00196779120405002,152.18315387054508,55160398853.202835,1.015300170567715,1.021568627572761,0.9007567361212169,520.3696821898893,6.454447562434211,0.00012177229821574508,0.00012182602387345242,0.0018460189058342748
6900.0,4.0,0.00019559636548328082,0.17468843385067126,0.15266203255570043,0.01911985910781534,1.3555962937839192e-06,0.0029051865908617126,210.18415444042967,59827019627.79815,1.0199860886552838,1.028371540165879,0.8728820072102902,520.3918995726394,9.41230267568892,0.00015740719654333695,0.00015753295418726858,0.002747779394318376
7100.0,4.0,0.00019953550377665484,0.18586559791386467,0.15573647507531183,0.02593005520195434,2.3862667433803763e-06,0.004196681369855113,282.5301367775103,65182684409.60444,1.0252980039631228,1.036154717476645,0.8420480208726052,520.4246044778246,13.435247462605616,0.00019547409998192647,0.00019575455883245456,0.004001207269873187
7300.0,4.0,0.00020344236534395273,0.19905072469306367,0.1587857048718501,0.034316503755320055,4.098385060003776e-06,0.005944417680833538,370.4119174751381,71319481842.00432,1.0311198598238038,1.0448079478772772,0.8092236867881314,520.4718633464821,18.80471080106986,0.00023445522564155422,0.00023505303340119098,0.005709962455191983
7500.0,4.0,0.00020731666252231723,0.2145225883246791,0.16180948507317813,0.044434688166710506,6.877039474490498e-06,0.008271538045315965,474.55699591125097,78345009654.31752,1.0372503413333432,1.0540631128255586,0.7755261269786953,520.5390120057674,25.848631058001843,0.0002732515949940907,0.0002744730884893027,0.007998286450321874
7700.0,4.0,0.0002111576438771335,0.23256141163949107,0.16480720898499954,0.056418746059945,1.128832064570267e-05,0.011324168273900833,595.11032552192,86388969141.92459,1.0434984290750628,1.063632900014387,0.7420502049429857,520.632965711292,34.943592569935504,0.000311322489318611,0.00031372172872200503,0.011012845784582222
7900.0,4.0,0.00021496395897884084,0.2534487702736372,0.16777778947446198,0.07037972816428686,1.8146775630699288e-05,0.015273105859257662,731.6160282390457,95598556090.03227,1.0496849672210204,1.0732404500245023,0.7097500786053568,520.7625843492588,46.51627987117911,0.0003487421606361324,0.00035328405167798404,0.01492436369862153
8100.0,4.0,0.0002187334718727452,0.27752323335091467,0.17071950521881402,0.08645999193545936,2.8600819295116536e-05,0.020315135377346222,883.0489579462122,106136958344.0306,1.0556638589807785,1.082721000980218,0.6793737079598793,520.9390974364699,61.04421710282202,0.0003861599375643253,0.0003944659928422357,0.019928975439781896
8300.0,4.0,0.0002224630131375233,0.30495314422569586,0.17362979434612952,0.10460482105062514,4.4238408944596914e-05,0.026674290419996645,1048.0922555248692,118160199413.03746,1.0613254912230934,1.0918132835475547,0.6513924268258087,521.1765922997705,79.05578095207693,0.0004250557385950748,0.0004397591679048645,0.02624923468140157
8500.0,4.0,0.00022614805562247878,0.3359498128121639,0.1765049814156308,0.12477531743971952,6.721478286351437e-05,0.034602299173950045,1225.126697791828,131834932563.41197,1.0666012315872533,1.1003940666809149,0.6260566670309573,521.4925670184093,101.12949279711438,0.0004676153498382693,0.0004928526343564298,0.03413468382411178
8700.0,4.0,0.0002297823020227258,0.37079169793441263,0.1793399252827874,0.14697260641615342,0.00010040320423124187,0.04437876303124062,1412.2787789193126,147343866875.60397,1.071415688239631,1.1084535371625854,0.6034408652394292,521.9085473172019,127.89260842117005,0.000516885457050322,0.0005589448797696794,0.0438618775741903
8900.0,4.0,0.00023335717612178082,0.4098652174066643,0.18212757735332855,0.17127934866692796,0.00014756834075812923,0.056310723045649706,1607.5048873487976,164886139528.8493,1.0756913156799806,1.1160619705523702,0.5835019246058877,522.4507635995675,160.01903082076,0.0005770078843410988,0.0006451393097428772,0.05573371516130861
9100.0,4.0,0.00023686127450644204,0.45319856239760486,0.18485849280366382,0.19739468864587495,0.00021356008356255925,0.07073182086450353,1809.5720059928158,184585675780.8111,1.0795433834957826,1.1230647704531596,0.5660431170400381,523.1508807242033,198.2265724599082,0.0006539125154028863,0.0007612722488897874,0.07007790834910065
9300.0,4.0,0.00024027966708475347,0.5010068419386396,0.1875201976474191,0.22518286378645982,0.00030452296892887024,0.08799925753583189,2017.0961142705303,206594914175.04694,1.0829988542041322,1.1294820449372884,0.5508436767192629,524.0467689685981,243.27358702714628,0.0007549343994192101,0.0009196001355483367,0.08724432313641269
9500.0,4.0,0.00024359317853353692,0.5540028117548721,0.19009651548146217,0.25498814852164375,0.00042811308049579784,0.10849003467127039,2230.1473826961533,230927288923.19107,1.0860909676966197,1.1353476614799305,0.5376623908490691,525.1832999247007,295.954976506648,0.0008891191039978022,0.001135054334849987,0.10760091556727258
9700.0,4.0,0.00024677763174616796,0.6122296590776096,0.19256683487687584,0.28647407079471937,0.0005937099530379671,0.13259504345297643,2447.200489750374,257764877261.61743,1.0888552902874158,1.1407027980015447,0.5262580079086494,526.6131458897089,357.09755627426864,0.0010671490653526286,0.0014249468328724304,0.1315278943876238
9900.0,4.0,0.0002498031090428643,0.6758574284661054,0.19490536276197257,0.31942871253130756,0.0008126057587945472,0.16071074741403082,2667.210576723584,287244969987.312,1.0913270942478959,1.1455913841206333,0.5164018136742103,528.3975556735567,427.5547279774852,0.0013010454218638058,0.0018082468722339696,0.15940970199216703
10100.0,4.0,0.0002526332929970428,0.7451630763389959,0.19708041932164694,0.35375650226113026,0.0010981479504765575,0.19322800680574215,2889.5711288242464,319459125454.8696,1.0935397650949108,1.150057088451284,0.5078844500907168,530.6070737426888,508.20036609722104,0.001603630702094912,0.0023044154128028416,0.19162437610364724
10300.0,4.0,0.0002552249637069778,0.8204128322260033,0.19905384979251503,0.38937551671474896,0.0014658049103829596,0.23051766080835634,3113.819717369557,354478038684.2909,1.0955239454982315,1.1541414725310006,0.5005188074210605,533.3221633044517,599.9217682652521,0.00198779284936395,0.0029318877464840384,0.22852986795899238
10500.0,4.0,0.0002575277424347082,0.9018438802740147,0.20078064907783236,0.4262174977582227,0.0019331176638193086,0.2729126157741404,3339.612924194299,392348713755.0636,1.097307175088579,1.1578829732298637,0.49414041980323975,536.633687420915,703.611450705068,0.0024656479363999347,0.0037063981511216396,0.27044696783774047
10700.0,4.0,0.00025948344405365346,0.9903753512809352,0.20220824997803802,0.4649623939678092,0.00251948826002213,0.3206852190750658,3566.5947243142373,433104725652.6827,1.098753066923634,1.1614384434632192,0.48866254686169197,540.6431956505709,820.1574880102227,0.003047473320908273,0.00463914606141892,0.31763774575415754
10900.0,4.0,0.0002610272632356985,1.086422009302511,0.2032774839363088,0.5058756359648156,0.0032457723202433293,0.3740231170811432,3794.5470840004264,476744085641.5633,1.0998570607405886,1.1648564398371293,0.4839762482030761,545.4629572297705,950.4320009770662,0.003741528862229377,0.005736023960352406,0.3702815882189138
11100.0,4.0,0.00026209018657724387,1.189149850878962,0.20392479919430578,0.5480876495793228,0.00413364475240824,0.43300375735292507,4023.458920798564,523213967735.6903,1.1008350650970098,1.168014458029768,0.4799078244928612,551.2156756807434,1095.277288616608,0.004553863431515251,0.0069970898144679295,0.4284498939214098
11300.0,4.0,0.00026259875035151915,1.298407782346011,0.2040822144828333,0.5915590009574488,0.005204652720438759,0.49756191418529006,4253.230974207605,572442339251.3479,1.1017042902796552,1.170936440920173,0.4763654850286878,558.0338143300552,1255.4889838414956,0.005487528757117904,0.008415746277612152,0.49207438542817217
11500.0,4.0,0.0002624780843238878,1.4138756246540845,0.20368040808731377,0.6362553656298993,0.006478995978323153,0.5674608549585484,4483.786200249044,624321253976.7368,1.102479462622654,1.1736434244305889,0.47327103752429056,566.0584579568545,1431.795492446371,0.00654303704675587,0.00997939400813137,0.5609178179117925
11700.0,4.0,0.00026165492037652846,1.5350363858533085,0.20265198905788562,0.6821461766006714,0.007974018436971245,0.6422642017577802,4715.058723072857,678704995909.321,1.1031731649286751,1.1761538050028764,0.4705579404552563,575.4376334453647,1624.8328616215995,0.007718659917830325,0.011670111408660698,0.6345455418399499
11900.0,4.0,0.0002600611577323184,1.6611533809578534,0.20093546058426978,0.7292033292015555,0.009702464775848988,0.7213121263961789,4946.984713167021,735408627573.1707,1.1037961418368931,1.1784836122487097,0.46816957788843855,586.3240126956098,1835.114132615388,0.009010774308272903,0.013465491202585219,0.712301352087906
12100.0,4.0,0.00025763781768350816,1.7912551500897012,0.1984796595744985,0.777399978672478,0.011670595741628653,0.8037049161010958,5179.494853895596,794207041077.2488,1.1043575677422888,1.1806467716347233,0.4660577599078758,598.8719252113115,2062.992184961359,0.010414163218145743,0.015339488401176753,0.7932907528829501
12300.0,4.0,0.0002543391381329744,1.9241311791588198,0.19524832791262403,0.8267094490234838,0.013876303093443298,0.8882970991292686,5412.508106182176,854834616935.9803,1.1048652786779147,1.18265534913054,0.46418143593088484,613.2336174797091,2308.6151090812114,0.011922207898704391,0.017263190949175822,0.8763748912305642
12500.0,4.0,0.0002501364874680745,2.058341106743736,0.19122436136579674,0.8771042607018411,0.016307407090023894,0.973705077586074,5645.9265347978235,916985601135.0309,1.1053259710654466,1.1845197744627503,0.4625056006885988,629.55471297689,2571.873293648425,0.013526940442544617,0.0192054837100591,0.9601781371435294
12700.0,4.0,0.00024502173399273584,2.1922393517214465,0.18641322241920252,0.9285552787065959,0.018940346585212615,1.0583305040104352,5879.631021205343,980315312536.2507,1.1057453709218454,1.1862490424871799,0.46100036994707877,647.9688525516765,2852.3377401325442,0.015218953234021086,0.021133622686263977,1.0431115507764142
12900.0,4.0,0.00023900970596634716,2.3240159438751355,0.18084502140689274,0.9810309807110188,0.021739474958753294,1.1404004667984706,6113.477753096491,1044442289035.2654,1.106128377334134,1.1878508938454733,0.45964020307818804,668.5915325749179,3149.189687736246,0.016987181278929196,0.023013763539805956,1.1234132855195413
13100.0,4.0,0.00023213942763012683,2.451752898995723,0.17457488112809144,1.0344968451751733,0.02465714742344287,1.2180240252690158,6347.2954441848415,1108951470888.4143,1.1064791838536823,1.1893319769971076,0.45840325109315166,691.5132095715401,3461.1425236731957,0.018818585878286997,0.024811497776780253,1.1992054393907288
13300.0,4.0,0.00022447391876734597,2.5734939418038296,0.16768139689153436,1.0889148614975421,0.027634724985524717,1.2892629584292288,6580.883298275072,1173398501725.0752,1.1068013811590813,1.190697994151458,0.45727081090888827,716.7918071416038,3786.3582406722967,0.02069777612961069,0.02649244584182202,1.268565182299618
13500.0,4.0,0.00021609848833246492,2.687323970028746,0.16026325499821828,1.1442431663249093,0.03060453224282545,1.3522130164627928,6814.0097713703635,1237315203356.7588,1.1070980429938126,1.1919538341107858,0.4562268691975556,744.4448448045753,4122.362439583991,0.02260661116035608,0.028022943650577323,1.3296064053024368
13700.0,4.0,0.0002071176163557862,2.791453593646434,0.1524343289372179,1.200435817373342,0.03349270156548119,1.4050907457703932,7046.41230018795,1300216230629.0178,1.1073718015892071,1.1931036932483676,0.45525772037899875,774.4415078198924,4465.964064080653,0.024523832810715036,0.029370841542462348,1.380566912959678
13900.0,4.0,0.00019765067280327222,2.8843034784014803,0.1443177760463178,1.2574427124373817,0.03622273038912361,1.4463202595286568,7277.798081882519,1361606884369.938,1.1076249103656484,1.1941511886251484,0.4543516472797712,806.6950882570592,4813.1886096443095,0.026424786356650663,0.030506414697536954,1.4198954731720062
14100.0,4.0,0.00018782684412346857,2.9645831469609214,0.1360397689218069,1.3152096670994695,0.03871948841795958,1.4746142225216854,7507.846077589893,1420991988144.2217,1.1078592968412,1.1950994648685846,0.4534986535754567,841.0563424740209,5159.236241662316,0.02828129512040544,0.031403363284131174,1.44633292740128
14300.0,4.0,0.0001777797058686887,3.0313592451843148,0.12772349493605836,1.3736786671081611,0.04091335124422437,1.489043731895871,7736.210431560842,1477885658335.8396,1.1080766096496915,1.1959512955348592,0.4526902383858111,877.3084150816708,5498.478667784508,0.03006176132275306,0.03203986009455075,1.458981970573118
14500.0,4.0,0.00016764188429959463,3.0841089078967885,0.11948395387638179,1.432788305690811,0.04274411430511961,1.489092534024476,7962.525394251198,1531821730580.5908,1.1082782590994849,1.1967091807066117,0.45191920573936845,915.1640550571947,5824.510098037684,0.031731566924395646,0.0323995844184024,1.4573609671000805
14700.0,4.0,0.00015754019817400315,3.1227546362092546,0.11142391365103119,1.4924744137262493,0.044164358003243906,1.4746919508287306,8186.4118042332,1582364516453.767,1.1084654528352091,1.1973754410768924,0.4511795022102113,954.2658709511692,6130.267355720618,0.033253840261792574,0.03247266508668244,1.441438110566938
14900.0,4.0,0.00014759157783763826,3.1476779168060034,0.103631189160982,1.552670882652967,0.04514198652254916,1.4462338584695051,8407.485074299742,1629119485464.6614,1.1086392274776193,1.1979523082559513,0.4504660771218987,994.1903113944902,6408.231249748098,0.034590632650427146,0.03225644519336614,1.411643225819078
15100.0,4.0,0.00013789994363462397,3.1597096890862257,0.09617723046498172,1.6133106690005814,0.04566174109292971,1.404560048527733,8625.364495289883,1671743398834.6692,1.1088004769046185,1.1984420103199818,0.4497747605821031,1034.4558889912144,6650.7149038661755,0.03570451065743563,0.03175597856081359,1.3688555378702973
15300.0,4.0,0.00012855411032587687,3.160096803619126,0.08911687050183384,1.6743269554885758,0.04572558326190965,1.3509273943668068,8839.683520431294,1709953375468.326,1.1089499776395189,1.1988468509312673,0.4491021554057006,1074.5358746499746,6850.234562531161,0.03656051420297736,0.03098417608235014,1.3143668801638293
15500.0,4.0,0.00011962668505761747,3.1504449605787963,0.08248900113375672,1.7356544277674117,0.0453519453732329,1.2869495863043952,9050.100540368649,1743534358982.773,1.1090884116338522,1.1991692797811189,0.4484455397387071,1113.8752795368255,6999.945033474489,0.03712836251322167,0.02996154039142592,1.2498212237911734
15700.0,4.0,0.00011117385310627023,3.1326403607098054,0.07631791647824536,1.7972306098436444,0.0445739448798281,1.214517889508088,9256.30952727237,1772344488721.9175,1.1092163865782412,1.1994119517406499,0.44780277793260875,1151.9114446970952,7094.107129287119,0.03738471949090812,0.028715459973045778,1.1771331700171799
15900.0,4.0,0.00010323590089615124,3.108754382875203,0.07061507291516687,1.8589971874166686,0.043436747861628634,1.1357053746817385,9458.049840947619,1796317964760.0232,1.1093344537554364,1.1995777720496756,0.4471722379433729,1188.0970371435324,7128.54115549688,0.03731527279664694,0.027279076545678425,1.0983901018850915
16100.0,4.0,9.583830699492934e-05,3.080937752341539,0.06538105098060484,1.9209012394505225,0.04199433692745523,1.0526611249829567,9655.11447394867,1815465137747.022,1.109443123374702,1.199669925206422,0.4465527142269011,1221.9237951479656,7101.012293162245,0.03691635464437405,0.025689787256533734,1.0157447703385827
16300.0,4.0,8.899323312252521e-05,3.0513124316237317,0.06060755170657934,1.9828962967626302,0.04030598185436437,0.9675026013001577,9847.356081304835,1829869740734.064,1.109542877304124,1.1996918859645056,0.4459433557397828,1252.9450741155867,7011.494022648534,0.03619585190500393,0.02398748858776843,0.9313067493951538
16500.0,4.0,8.270126186435233e-05,3.0218703376457796,0.056279308261821745,2.044943153807347,0.03843272197824794,0.8822151535983629,10034.69029490189,1839683393683.9385,1.1096341791492654,1.1996474119506126,0.44534359918582217,1280.7952026957714,6862.266423728906,0.035173224506188615,0.022212703507652726,0.8470419290921742
16700.0,4.0,7.69532496099879e-05,2.9943875711783567,0.052375836424685795,2.107010376278176,0.03643414521214818,0.7985672132633463,10217.0960475358,1845117726008.209,1.109717481707318,1.1995405187593935,0.44475310802897283,1305.2039087905382,6657.82661212582,0.03387856678134886,0.02040474998597931,0.7646886464819975
16900.0,4.0,7.173218761658813e-05,2.970361034593407,0.04887298147786366,2.169074471023319,0.034365692653249534,0.7180478894389744,10394.612896636183,1846434648381.495,1.1097932319412023,1.1993754397711407,0.44417171798836136,1326.004597276174,6404.615211321334,0.0323507850351592,0.018600103354932673,0.6856971044038151
17100.0,4.0,6.701498810596637e-05,2.950971382648827,0.04574424415310952,2.231119712865998,0.03227663873123596,0.6418307868984835,10567.335602648629,1843935435115.9946,1.1098618737473134,1.1991565741558472,0.4435993897313909,1343.135971769909,6110.589951001373,0.030635096022670703,0.01683107759038452,0.6111956908758128
17300.0,4.0,6.277413445064686e-05,2.9370727848598874,0.04296188539006984,2.2931376511110715,0.030208807704427416,0.5707644406543187,10735.406441549769,1837949334328.2163,1.1099238489104906,1.198888427379556,0.4430361693064879,1356.6372617513555,5784.699080779119,0.028780145350793835,0.015124906641856358,0.5419842953035249
17500.0,4.0,5.8979154219861774e-05,2.9292066997942214,0.04049782064491873,2.3551263426626656,0.028196002429100944,0.5053865340575359,10899.005883236714,1828822399971.221,1.1099795967296582,1.1985755488884902,0.4424821565551854,1366.6380026407378,5436.318598270991,0.026835081825106664,0.01350325511218308,0.4785514522324292
17700.0,4.0,5.559789101807721e-05,2.927634403634767,0.03832432103565706,2.417089375565407,0.026264053121825476,0.4459566539118775,11058.342331433832,1816907146503.293,1.1100295528437973,1.1982224714819343,0.4419374813783333,1373.3438051862804,5074.7165139782455,0.024846899147998168,0.011982137599264265,0.42110975476387935
17900.0,4.0,5.2597565647835156e-05,2.932381741084313,0.03641454216676318,2.479034754779023,0.02443134999394689,0.3925010941445799,11213.641597857108,1802553483603.9663,1.110074147786237,1.1978336562614063,0.4414022873703456,1377.0197803183717,4708.595943712194,0.022858281818412117,0.010572186099780657,0.3696428123261678
18100.0,4.0,4.994562912967044e-05,2.9432895060242776,0.03474290304787905,2.5409737212182497,0.022709706041274435,0.3448631757168743,11365.136690311876,1786101220743.2007,1.110113805750644,1.1974134460987995,0.440876722034354,1377.9732574152724,4345.750593762495,0.020906089976416565,0.009279179977173651,0.32395708574045773
18300.0,4.0,4.761041223065824e-05,2.9600635458765234,0.03328533118449044,2.6029194024456332,0.021105398415018146,0.3027534138313815,11513.056656334544,1767874526170.6982,1.11014887794996,1.196966053308625,0.4403609497250783,1376.5372001001215,3992.8459869886774,0.019020513213380955,0.008104744066835581,0.28373290061800055
18500.0,4.0,4.556157604507893e-05,2.9823199260933704,0.03201938320293494,2.6648849684594675,0.019620256283841366,0.26579531814712665,11657.611118338638,1748178823801.6206,1.1101793742453823,1.196495631365349,0.43985522176920056,1373.055365182491,3655.321813321473,0.017224836405511524,0.007047125362498095,0.2485704817416151
18700.0,4.0,4.37705390526899e-05,3.0096272260534938,0.03092440005853871,2.7268849535209605,0.018252764686479857,0.23356510778751452,11799.007519085399,1727294464364.0945,1.1102059123177361,1.1960059187647265,0.43935963407019346,1367.8698513935128,3337.397786804177,0.015535704561136803,0.006101975389473302,0.2180294032263777
18900.0,4.0,4.22105709264726e-05,3.0415347563292743,0.029981411712032193,2.788932065971199,0.016998972720515836,0.20562230592552713,11937.421853370699,1705479072208.1157,1.1102288147455843,1.1955005621149655,0.43887436823839104,1361.3113139521406,3042.1582736269124,0.01396374237555071,0.005263078479312328,0.19165856354997643
19100.0,4.0,4.0856910557343504e-05,3.0775967195785663,0.029173110797039128,2.851037007325706,0.015853319746238066,0.18153328170958252,12073.000743453455,1682966279704.465,1.1102483866346207,1.1949830218181499,0.4383996281671292,1353.691822133671,2771.689176841908,0.012514390976766281,0.004522994616515596,0.16901889073281623
19300.0,4.0,3.968677037705207e-05,3.1173882813532128,0.028483762654440567,2.9132077269133174,0.014809294934082914,0.16088749685137202,12205.857450428057,1659966416167.632,1.1102649176692898,1.19445658479578,0.4379356491601021,1345.3001276954406,2527.242724930388,0.011188837580644187,0.003873597011552547,0.14969865927072784
19500.0,4.0,3.8679278470051705e-05,3.160515630709862,0.027899091568294003,2.9754487772346336,0.013859948603930151,0.14330781330300418,12336.068730012128,1636667807886.7603,1.1102786850904582,1.1939243825138244,0.4374827072340537,1336.3989901832472,2309.4102699071,0.009984943256237023,0.0033065009157483946,0.13332287004676716
19700.0,4.0,3.7815376359000113e-05,3.2066213105827126,0.02740615274286237,3.03776075909895,0.012998270008865456,0.12845612873203474,12463.672386110304,1613238482489.8086,1.1102899575277376,1.1933894125499798,0.4370411280820392,1327.2241560017671,2118.2885042964126,0.008898103318732838,0.0028133895368783984,0.11955802541330189
19900.0,4.0,3.7077687385634704e-05,3.255386029878836,0.026993197567261436,3.1001398450639117,0.012217451321015487,0.1160355359266475,12588.665398051586,1589828104432.4507,1.1102989996003008,1.1928545620416173,0.4366112952668168,1317.9845922548059,1953.6296091817028,0.007922001722828299,0.0023862487820643583,0.10811353420381921
20100.0,4.0,3.645036777989929e-05,3.3065280005309514,0.0266495380048981,3.162577371335268,0.011511058974666545,0.10579003221611874,12711.00253329344,1566570002927.8447,1.1103060771884956,1.192322631479829,0.4361936572664446,1308.8636140060385,1814.970141784739,0.007049242398820679,0.0020175253110555503,0.09874078981729806
20300.0,4.0,3.591894998226916e-05,3.359800635203426,0.02636541454396857,3.2250594915496826,0.010873132520122739,0.09750259658965213,12830.595401463555,1543583185698.2695,1.1103114632657538,1.1917963574424892,0.4357887330164048,1300.0205984630643,1701.7367207791076,0.0062718560573304894,0.0017002228958078957,0.09123074053232164
20500.0,4.0,3.547018564440187e-05,3.414989235498325,0.02613187104983505,3.2875668902836996,0.010298228805601882,0.0909922453591891,12947.311953837685,1520974259643.6604,1.1103154441625764,1.191278432968941,0.43539711558941174,1291.593039649322,1613.3287817117132,0.005581691041620195,0.0014279511545131419,0.0854105543175689
20700.0,4.0,3.509189400681142e-05,3.4719071189262376,0.02594063904625201,3.350074559298538,0.009781426405754566,0.08611049417569283,13060.976481537133,1498839202158.05,1.1103183261090985,1.190771524363824,0.4350194736326817,1283.6987544395993,1549.1800045599757,0.004970702358543145,0.001194939009300763,0.08113979181714968
20900.0,4.0,3.4772820020078396e-05,3.5303914853175793,0.025784033381660663,3.412551645087428,0.00931830227194662,0.08273750457654415,13171.370213165315,1477264944453.0767,1.1103204418684296,1.1902782832804715,0.43465655015185123,1276.438101189481,1508.8006671127025,0.004431155257612477,0.0009960231791026446,0.07830634931893167
21100.0,4.0,3.450250558943593e-05,3.590299211404483,0.025654860860833056,3.474961381910846,0.008904889888955379,0.08077807874384858,13278.232655678763,1456330741422.7654,1.1103221572295,1.189801352986277,0.43430915820150107,1269.896113698733,1491.8033588315836,0.0039557597491829185,0.0008266199730169602,0.07682231899466567
21300.0,4.0,3.4271176614167875e-05,3.6515026833364286,0.025546343186273704,3.537261129830932,0.008537625934882147,0.0801575843843404,13381.263857991851,1436109312119.113,1.1103238770769928,1.1893433677710925,0.43397817302641056,1264.1444858207046,1497.914379940512,0.003537751148753766,0.0006826867757559187,0.07661983323558663
21500.0,4.0,3.406964798493331e-05,3.7138857264557,0.025452055398792924,3.599402541882163,0.008213290605642102,0.0808178385691014,13480.127801547991,1416667741712.5679,1.1103260507004045,1.18890694454788,0.43366452020849955,1259.2433665766662,1526.9728916129561,0.003170929763445961,0.0005606780022792237,0.07764690880565543
21700.0,4.0,3.388904697861717e-05,3.7773291939548503,0.02536570237020654,3.6613221187010327,0.007928898266172485,0.08271247461743862,13574.395387251137,1398074500020.457,1.110327530554463,1.1884952906821868,0.4333696968753229,1255.2429435274603,1578.9195792840383,0.002849668949057683,0.0004574964395781464,0.07986280566838094
21900.0,4.0,3.372080128297236e-05,3.8417083887771164,0.025281129421290603,3.7229428794021775,0.007681651207630127,0.08580272874601784,13663.562555024135,1380398053936.6396,1.1103259149877072,1.188112043137631,0.4330956373290264,1252.1848046302866,1653.776313831408,0.0025689042009500013,0.00037044805688366195,0.08323382454506784
22100.0,4.0,3.355746747290343e-05,3.906935003196231,0.02519307495252418,3.7842175950721635,0.007469073661192143,0.09005525951035136,13747.323131637535,1363680397580.4556,1.1103245783392353,1.187758568019947,0.4328423930255691,1250.1030774782455,1751.6180899400222,0.002324114617647592,0.00029720875210151435,0.08773114489270377
22300.0,4.0,3.339164495346216e-05,3.9728980283036543,0.025096224273108453,3.845077736102828,0.007288702560577769,0.09543536536714041,13825.248651054482,1347971146441.5525,1.1103238685536547,1.1874372591625506,0.432610977426209,1249.0253507569212,1872.538412007432,0.002111279075391154,0.00023576967034915478,0.09332408629174925
22500.0,4.0,3.321636360123474e-05,4.039479784942283,0.02498556844486798,3.905452492279876,0.007138127176926734,0.10190359704061185,13896.914356574414,1333315253642.4426,1.1103241599982239,1.1871503213592403,0.4324023316997974,1248.973386858082,2016.6092935230818,0.001926839525250961,0.00018440414858976638,0.09997675751536088
22700.0,4.0,3.3025119065573064e-05,4.106553310160116,0.024856448044284638,3.9652702561773183,0.0070149454188543885,0.10941166051965917,13961.912747610795,1319752525114.2722,1.1103258508281815,1.1868997077715664,0.43221728487268474,1249.9636378613336,2183.8371297783183,0.0017676586827214266,0.00014163342355773246,0.10764400183693774
22900.0,4.0,3.2811927127595516e-05,4.1739803211708395,0.024704611144563893,4.02446036705457,0.006916728182651521,0.11789861478905381,14019.868578876074,1307316958131.9246,1.1103293584764364,1.186687052109641,0.43205651141788387,1252.0075797416866,2374.1158770704606,0.0016309772503919216,0.00010619578442949893,0.11626763753866189
23100.0,4.0,3.257139343825299e-05,4.241609913694576,0.024526281973940533,4.082955085571632,0.006840992953881195,0.12728755319512244,14070.454831650752,1296035937936.796,1.1103351131348032,1.1865135987415039,0.43192048806903444,1255.111882243803,2587.1791937005387,0.0015143719812681475,7.701896369797666e-05,0.1257731812138543
23300.0,4.0,3.229879392657249e-05,4.309278301294792,0.02431823567553343,4.140691875221315,0.006785187777767295,0.1374830026201758,14113.409373773311,1285929301088.177,1.1103435497837535,1.1863801372932767,0.4318094451887337,1259.2784345486093,2822.5534287547803,0.0014157316618306436,5.31960124142336e-05,0.13606727095834514
23500.0,4.0,3.199015901169384e-05,4.376809116811268,0.024077873304919298,4.197615366342029,0.006746686252982352,0.14836919091133804,14148.549855258043,1277008466236.0725,1.1103550979097265,1.1862869341572109,0.4317233449193464,1264.5042495380835,3079.5135374917904,0.0013331793545825722,3.396135655800922e-05,0.14703601155675547
23700.0,4.0,3.16423494071736e-05,4.444014815776968,0.02380328776169783,4.253679304704017,0.0067227928548172335,0.15980943045643572,14175.787057068279,1269275579720.0361,1.110370165171598,1.186233677612154,0.4316618654290402,1270.781272061968,3357.0441097017774,0.0012650085243795376,1.867226774052726e-05,0.1585444219320562
23900.0,4.0,3.125313997558309e-05,4.510701646129533,0.02349332665871286,4.30885045082281,0.0067107635035388025,0.1716471051444723,14195.142035849081,1262722178500.5342,1.1103891441608489,1.1862194720170003,0.43162428756509275,1278.0961189817167,3653.8076783065594,0.0012098472131660475,6.793280521841407e-06,0.17043725793130624
24100.0,4.0,3.082125483467468e-05,4.576670926690006,0.023147620520236226,4.3631080690256026,0.006707830127903741,0.18370740701626342,14206.747193403917,1257329133171.5562,1.1104123761516238,1.1862427802163364,0.43160961153288135,1286.4297807292667,3968.122302169648,0.0011663492695072086,-2.124547921129177e-06,0.18254105774675622
24300.0,4.0,3.0346401749574377e-05,4.641725772220715,0.022766599199213675,4.416446954793266,0.0067112392031137,0.19580097902512156,14210.855010303847,1253065727138.2712,1.1104401555031962,1.186301455525439,0.43161648165691563,1295.757315096548,4297.950082193883,0.0011333373924771442,-8.455302158788187e-06,0.1946676416326444
24500.0,4.0,2.9829272313586982e-05,4.705677202627901,0.022351478339828604,4.4688788155572405,0.006718296122362328,0.2077286126084692,14207.838325825354,1249889333601.3489,1.110472723085202,1.1863927762738549,0.43164318970649357,1306.0475640356858,4640.897790147928,0.0011098007251160462,-1.2514502838789506e-05,0.20661881188335315
24700.0,4.0,2.9267066228247935e-05,4.77220588015771,0.02190073069526448,4.524326188604398,0.0067253925884296,0.21925356826961712,14199.224353484073,1247654119096.6487,1.1104247862415508,1.1865704369561858,0.4317263680336339,1317.2629233444886,4994.230205597204,0.0010946635139011905,-1.4570112790462614e-05,0.21815890475571592
24900.0,4.0,2.8665705220616378e-05,4.838170772696005,0.02141969398769894,4.579825927546041,0.00673082795266405,0.23019432320960043,14184.789590023698,1246365782794.6755,1.1103639307028244,1.186785228380146,0.43183301310197925,1329.3591927571224,5354.896125590838,0.001087048846603858,-1.4851422989495041e-05,0.22910727436299658
25100.0,4.0,2.8029529431711476e-05,4.90255511013313,0.020912399386694716,4.634545255174093,0.006732598921351589,0.24036485665099042,14164.965952870634,1245969238588.5938,1.110309742594647,1.1870199823018315,0.4319518265017095,1342.2855305224844,5719.566399605443,0.0010861182414847767,-1.3562515302141276e-05,0.23927873840950564
25300.0,4.0,2.736252800820152e-05,4.965252421640824,0.020382541898560414,4.688554164993353,0.006728720087927251,0.24958699466098405,14140.493940211587,1246378921949.9534,1.110262104289744,1.1872704089351853,0.43208028682545496,1355.9845323485815,6084.6828089357605,0.0010910188691526778,-1.0888142493415853e-05,0.24849597579183139
25500.0,4.0,2.666920403423666e-05,5.026192870316411,0.019834146227766282,4.7419380905483095,0.006717484633647481,0.25770314890668794,14112.167317413765,1247500808633.4238,1.1102208281321218,1.187532092561787,0.43221577777210973,1370.3924494265118,6446.516198867252,0.0011009760445946897,-7.004500286529742e-06,0.25660217286209325
25700.0,4.0,2.5954422628870627e-05,5.085344210784922,0.019271434981125563,4.794794376795436,0.006697488947943493,0.2645809100604166,14080.808305066621,1249234301585.3901,1.1101856532631151,1.1878005821051023,0.4323557085957147,1385.4395546623132,6801.232002960351,0.00111516408753123,-2.0787283533773967e-06,0.2634657459728854
25900.0,4.0,2.5223257811727745e-05,5.142713873650399,0.018698700217198116,4.847230842761377,0.006667647049732987,0.27011668362209035,14047.249302537411,1251473734408.4294,1.110156265596953,1.1880715120173706,0.4324975221845537,1401.0506604920747,7144.961165023405,0.0011328067263172894,3.722088953247377e-06,0.2689838768957731
26100.0,4.0,2.4480845762471897e-05,5.198347904963421,0.01812018466257754,4.8993626537302015,0.006627194562999972,0.2742378720076415,14012.311820079283,1254110341901.1382,1.110132306206234,1.1883406910332526,0.4326387634287775,1417.1457857940193,7473.874437489786,0.0011531446161955022,1.0230179538624226e-05,0.273084727391446
26300.0,4.0,2.3732251875399097e-05,5.252328346637895,0.0175399781316823,4.951308975890595,0.00657568296626921,0.2769037096493482,13976.787200913152,1257034305809.1626,1.1101133794581983,1.188604175715717,0.4327771438343132,1433.6409637331117,7784.258074038263,0.0011753913266838061,1.727881857001898e-05,0.27572831832266437
26500.0,4.0,2.2982357062425845e-05,5.3047707074639305,0.016961932666557183,5.003190855871738,0.006512965355553941,0.2781049535700815,13941.422927037327,1260136524512.0627,1.1100990703212767,1.1888583439562344,0.4329105492477946,1450.4491770164445,8072.588997572795,0.0011988001963079856,2.4699584278430402e-05,0.27690615337377356
26700.0,4.0,2.2235760240596607e-05,5.3558192569265515,0.0163895950439434,5.0551281969325474,0.006439173438537559,0.27786229151152275,13906.909329741153,1263310539647.6624,1.1100889522760036,1.1890999368474866,0.43303708302034705,1467.4814019687929,8335.607579746238,0.0012226324026613864,3.232607179193348e-05,0.27663965910886135
26900.0,4.0,2.149670715892284e-05,5.405642195480933,0.015826161132970737,5.1072374424752685,0.006354689824241209,0.2762239020484526,13873.870641902891,1266454225469.6284,1.110082597701737,1.1893260902497422,0.43315508146962184,1484.6477382677024,8570.3861997344,0.0012461671610436943,3.9996201003410315e-05,0.2749777348874089
27100.0,4.0,2.0769038924833758e-05,5.454426647769284,0.015274447755555616,5.159629791944103,0.006260115578037725,0.2732622924915869,13842.859648594716,1269471253008.954,1.1100795882966508,1.1895343536129008,0.4332631135025813,1501.8585972921737,8774.391762449388,0.0012687341989720054,4.755415049232541e-05,0.2719935582926149
27300.0,4.0,2.0056158557144416e-05,5.502372812724421,0.014736879942513425,5.212409154652492,0.006156234542989136,0.2690705435864263,13814.353797735457,1272272467807.3882,1.110079519357225,1.1897226875172424,0.4333599965219621,1519.0259187783784,8945.540371955176,0.001289683766620869,5.4855313143239314e-05,0.26778085981980543
27500.0,4.0,1.9361017706575968e-05,5.54968907151037,0.014215493175339418,5.265671233584096,0.0060439772441377914,0.2637583675067956,13788.75557817036,1274776869562.409,1.1100820080673581,1.1898894596152367,0.43344477749216387,1536.0643832437977,9082.242408279151,0.0013084330558884648,6.176775501423445e-05,0.26244993445090714
27700.0,4.0,1.86858417313652e-05,5.596582295438806,0.013711676949394186,5.319502090093946,0.0059242973189178655,0.2574442310765476,13766.392622492902,1276912559519.6868,1.110086660663903,1.1900334402378736,0.4335167368723594,1552.8925865023816,9183.4363819834,0.0013244716977374082,6.817500673606807e-05,0.2561197593788102
27900.0,4.0,1.803250691671317e-05,5.643258605152819,0.013226564551383603,5.3739776148484095,0.005798247635290165,0.2502561781177353,13747.521595282178,1278617240029.2278,1.1100931065431698,1.1901537614405138,0.4335753757319151,1569.434142806806,9248.610172002413,0.0013373320033811954,7.39798544131527e-05,0.24891884611435414
28100.0,4.0,1.740303603651922e-05,5.689928208278522,0.012761505131598828,5.429164831955168,0.005667104769561709,0.24233476642219254,13732.336893204985,1279838132995.2803,1.1101010839966448,1.1902498641080799,0.433620355392654,1585.6186848185753,9277.808605938239,0.001346650737011478,7.910450439590365e-05,0.24098811568518105
28300.0,4.0,1.679868235850164e-05,5.736785812792342,0.012317172911374805,5.485120097561334,0.005532039340382847,0.23381650297925058,13720.970748904772,1280532543856.8923,1.1101103155578131,1.1903215110515375,0.4336515269218621,1601.3827317857176,9271.62681717748,0.0013521539518923551,8.349120705992848e-05,0.2324643490273582
28500.0,4.0,1.6220339199428244e-05,5.784013510537497,0.011893972749579176,5.541889581277027,0.005394207111025725,0.2248357493998646,13713.500225391683,1280667623266.8518,1.1101205512715913,1.1903687341691498,0.43366890691887383,1616.6704018973826,9231.189388693581,0.0013536253718458816,8.71033534902943e-05,0.2234821240280187
28700.0,4.0,1.5668574838705427e-05,5.831778966841122,0.01149207235287347,5.599510121394294,0.005254726108945296,0.2155220469850087,13709.954234441848,1280219959052.2744,1.1101315712014743,1.190391807284722,0.43367264218546775,1631.4339506136803,9158.115929539223,0.001350965158851091,8.992338932417424e-05,0.21417108182615763
28900.0,4.0,1.5143667305891436e-05,5.8802333946216745,0.011111433286004052,5.658009489074343,0.005114657290884069,0.20599781497044445,13710.319022404396,1279175151838.8958,1.1101431828057733,1.1903912116076338,0.4336629991338183,1645.634123630351,9054.47437414589,0.001344161908078868,9.195221324147038e-05,0.20465365306236558
29100.0,4.0,1.4645638058912429e-05,5.929510147470303,0.01075184009198678,5.717406792853845,0.004974988827462588,0.19637652569700864,13714.543585224881,1277527251379.1711,1.110155218500964,1.1903676034187978,0.43364035166441156,1659.240320482605,8922.72388834192,0.001333265147355642,9.320758405539064e-05,0.19504326054965299
29300.0,4.0,1.417428581705216e-05,5.979724386901549,0.010412928048879761,5.777713397460392,0.0048366246322991725,0.18676143675997842,13722.545656746903,1275278011364.0134,1.1101675358960938,1.1903217885351394,0.4336051555965377,1672.2305721532916,8765.649753868394,0.001318414396540306,9.372132298007477e-05,0.1854430223634381
29500.0,4.0,1.3729219063905786e-05,6.030972779311945,0.010094208833385935,5.838933458778665,0.004700376652877894,0.17724473504701665,13734.216461495513,1272436152838.1118,1.1101800153844985,1.1902546944992598,0.43355793760785993,1684.591343040161,8586.292939972363,0.0012998145697805097,9.3537125174115e-05,0.17594492047723614
29700.0,4.0,1.3309884419784925e-05,6.083014793481428,0.009795092828440691,5.9010648227818105,0.004223012703742449,0.16793186516743433,13749.425698660087,1269016522322.8035,1.1101925598810272,1.1901673488102962,0.43349927451005893,1670.4756942815352,8389.12259608101,0.001277757499905534,9.270782061339209e-05,0.1666541076675288
29900.0,4.0,1.2915594652264876e-05,6.137502621877346,0.009514909941772128,5.964098984642325,0.0039600092167481815,0.15992871807650008,13768.024299966737,1265039394864.7083,1.11020508923013,1.1900608502658319,0.43342980158420086,1670.4795314303842,8230.761421893209,0.0012642729949001296,9.247676488987648e-05,0.15866444508159996
30000.0,4.0,1.2727596580784707e-05,6.165183884032898,0.009381691612144279,5.995950641991089,0.004294661988914393,0.15555688844075138,13778.544393198179,1262849342075.6733,1.1102113289605295,1.1900007794565546,0.4333912154634197,1706.5304805961919,8122.900993196154,0.0012509079824587581,9.159943101081916e-05,0.15430598045829264
