T_K,pair,category,Q11_m2,Q22_m2,Q11_A2,Q22_A2,Ast,Bst,Cst,source,notes
300.0,Ar-Ar,neutral-neutral,3.7453991093095465e-19,4.0958441933408403e-19,37.45399109309547,40.9584419334084,1.0935668199312134,1.15,0.92,Aziz1990_TableI_II + LJ surrogate,HFDTCS2 full scattering integral not yet implemented
300.0,Ar-Ar+,ion-neutral,7.978783669244119e-14,5.985122085578211e-14,7978783.66924412,5985122.085578211,0.7501296355043574,1.2,0.85,MurphyTam2014 charge-exchange + Langevin elastic,Uses Aubreton1986 context; elastic represented with capture model
300.0,e-Ar,electron-neutral,2.034847928991186e-20,2.034847928991186e-20,2.034847928991186,2.034847928991186,1.0,1.0,1.0,Milloy1977 + Frost1964,Omega22 assumed equal to Omega11
500.0,Ar-Ar,neutral-neutral,3.2338527247023525e-19,3.538803506961867e-19,32.33852724702353,35.38803506961867,1.0942995269791027,1.15,0.92,Aziz1990_TableI_II + LJ surrogate,HFDTCS2 full scattering integral not yet implemented
500.0,Ar-Ar+,ion-neutral,6.180906628092727e-14,4.636056531314329e-14,6180906.628092728,4636056.531314329,0.7500609231408013,1.2,0.85,MurphyTam2014 charge-exchange + Langevin elastic,Uses Aubreton1986 context; elastic represented with capture model
500.0,e-Ar,electron-neutral,1.3477109307965322e-20,1.3477109307965322e-20,1.3477109307965323,1.3477109307965323,1.0,1.0,1.0,Milloy1977 + Frost1964,Omega22 assumed equal to Omega11
700.0,Ar-Ar,neutral-neutral,2.9974970992809904e-19,3.288235402728765e-19,29.974970992809904,32.88235402728765,1.0969936896744668,1.15,0.92,Aziz1990_TableI_II + LJ surrogate,HFDTCS2 full scattering integral not yet implemented
700.0,Ar-Ar+,ion-neutral,5.223986448826863e-14,3.9181830715640346e-14,5223986.448826863,3918183.0715640346,0.750036989939729,1.2,0.85,MurphyTam2014 charge-exchange + Langevin elastic,Uses Aubreton1986 context; elastic represented with capture model
700.0,e-Ar,electron-neutral,9.72245591075063e-21,9.72245591075063e-21,0.972245591075063,0.972245591075063,1.0,1.0,1.0,Milloy1977 + Frost1964,Omega22 assumed equal to Omega11
900.0,Ar-Ar,neutral-neutral,2.850643750021276e-19,3.141066435531308e-19,28.506437500212762,31.41066435531308,1.1018796843722982,1.15,0.92,Aziz1990_TableI_II + LJ surrogate,HFDTCS2 full scattering integral not yet implemented
900.0,Ar-Ar+,ion-neutral,4.607193862301046e-14,3.455512719395242e-14,4607193.862301046,3455512.7193952426,0.7500254651036975,1.2,0.85,MurphyTam2014 charge-exchange + Langevin elastic,Uses Aubreton1986 context; elastic represented with capture model
900.0,e-Ar,electron-neutral,7.553309150113726e-21,7.553309150113726e-21,0.7553309150113726,0.7553309150113726,1.0,1.0,1.0,Milloy1977 + Frost1964,Omega22 assumed equal to Omega11
1100.0,Ar-Ar,neutral-neutral,2.746944623509176e-19,3.0395963638699045e-19,27.469446235091763,30.395963638699044,1.106537182386615,1.15,0.92,Aziz1990_TableI_II + LJ surrogate,HFDTCS2 full scattering integral not yet implemented
1100.0,Ar-Ar+,ion-neutral,4.167400187004522e-14,3.125628880652338e-14,4167400.187004522,3125628.8806523383,0.7500188943694901,1.2,0.85,MurphyTam2014 charge-exchange + Langevin elastic,Uses Aubreton1986 context; elastic represented with capture model
1100.0,e-Ar,electron-neutral,6.28529322252757e-21,6.28529322252757e-21,0.628529322252757,0.628529322252757,1.0,1.0,1.0,Milloy1977 + Frost1964,Omega22 assumed equal to Omega11
1300.0,Ar-Ar,neutral-neutral,2.6681121092667257e-19,2.9618844815354286e-19,26.681121092667258,29.618844815354286,1.1101049582018652,1.15,0.92,Aziz1990_TableI_II + LJ surrogate,HFDTCS2 full scattering integral not yet implemented
1300.0,Ar-Ar+,ion-neutral,3.8334718944226987e-14,2.875160406212012e-14,3833471.8944226988,2875160.4062120123,0.7500147347878225,1.2,0.85,MurphyTam2014 charge-exchange + Langevin elastic,Uses Aubreton1986 context; elastic represented with capture model
1300.0,e-Ar,electron-neutral,5.56845359758231e-21,5.56845359758231e-21,0.556845359758231,0.556845359758231,1.0,1.0,1.0,Milloy1977 + Frost1964,Omega22 assumed equal to Omega11
1500.0,Ar-Ar,neutral-neutral,2.6049705025781376e-19,2.8984431116767496e-19,26.049705025781375,28.984431116767496,1.1126587071938674,1.15,0.92,Aziz1990_TableI_II + LJ surrogate,HFDTCS2 full scattering integral not yet implemented
1500.0,Ar-Ar+,ion-neutral,3.568781581626046e-14,2.676628677706625e-14,3568781.5816260464,2676628.6777066253,0.7500119064409291,1.2,0.85,MurphyTam2014 charge-exchange + Langevin elastic,Uses Aubreton1986 context; elastic represented with capture model
1500.0,e-Ar,electron-neutral,5.206762767001165e-21,5.206762767001165e-21,0.5206762767001165,0.5206762767001165,1.0,1.0,1.0,Milloy1977 + Frost1964,Omega22 assumed equal to Omega11
1700.0,Ar-Ar,neutral-neutral,2.5523962253931746e-19,2.844619531511002e-19,25.523962253931746,28.44619531511002,1.1144897893244663,1.15,0.92,Aziz1990_TableI_II + LJ surrogate,HFDTCS2 full scattering integral not yet implemented
1700.0,Ar-Ar+,ion-neutral,3.3522956335946637e-14,2.5142548478665606e-14,3352295.633594664,2514254.847866561,0.7500098805935345,1.2,0.85,MurphyTam2014 charge-exchange + Langevin elastic,Uses Aubreton1986 context; elastic represented with capture model
1700.0,e-Ar,electron-neutral,5.082933294037334e-21,5.082933294037334e-21,0.5082933294037334,0.5082933294037334,1.0,1.0,1.0,Milloy1977 + Frost1964,Omega22 assumed equal to Omega11
1900.0,Ar-Ar,neutral-neutral,2.5073410631177994e-19,2.797822371471227e-19,25.073410631177996,27.978223714712268,1.1158523316298354,1.15,0.92,Aziz1990_TableI_II + LJ surrogate,HFDTCS2 full scattering integral not yet implemented
1900.0,Ar-Ar+,ion-neutral,3.170960602456181e-14,2.3782469958189827e-14,3170960.6024561813,2378246.995818983,0.7500083709576292,1.2,0.85,MurphyTam2014 charge-exchange + Langevin elastic,Uses Aubreton1986 context; elastic represented with capture model
1900.0,e-Ar,electron-neutral,5.123187852261954e-21,5.123187852261954e-21,0.5123187852261955,0.5123187852261955,1.0,1.0,1.0,Milloy1977 + Frost1964,Omega22 assumed equal to Omega11
2100.0,Ar-Ar,neutral-neutral,2.4678940732843057e-19,2.7564391468204807e-19,24.678940732843056,27.564391468204807,1.1169195536630856,1.15,0.92,Aziz1990_TableI_II + LJ surrogate,HFDTCS2 full scattering integral not yet implemented
2100.0,Ar-Ar+,ion-neutral,3.016189832469538e-14,2.262164122292028e-14,3016189.8324695383,2262164.1222920283,0.7500072104015604,1.2,0.85,MurphyTam2014 charge-exchange + Langevin elastic,Uses Aubreton1986 context; elastic represented with capture model
2100.0,e-Ar,electron-neutral,5.279270475340108e-21,5.279270475340108e-21,0.5279270475340109,0.5279270475340109,1.0,1.0,1.0,Milloy1977 + Frost1964,Omega22 assumed equal to Omega11
2300.0,Ar-Ar,neutral-neutral,2.432797224437775e-19,2.719378229891845e-19,24.32797224437775,27.19378229891845,1.117798969258648,1.15,0.92,Aziz1990_TableI_II + LJ surrogate,HFDTCS2 full scattering integral not yet implemented
2300.0,Ar-Ar+,ion-neutral,2.88207269563816e-14,2.1615726657394253e-14,2882072.69563816,2161572.6657394255,0.7500062954729881,1.2,0.85,MurphyTam2014 charge-exchange + Langevin elastic,Uses Aubreton1986 context; elastic represented with capture model
2300.0,e-Ar,electron-neutral,5.5186259784224375e-21,5.5186259784224375e-21,0.5518625978422438,0.5518625978422438,1.0,1.0,1.0,Milloy1977 + Frost1964,Omega22 assumed equal to Omega11
2500.0,Ar-Ar,neutral-neutral,2.4011834506066714e-19,2.6858554026044157e-19,24.011834506066716,26.858554026044157,1.11855485341023,1.15,0.92,Aziz1990_TableI_II + LJ surrogate,HFDTCS2 full scattering integral not yet implemented
2500.0,Ar-Ar+,ion-neutral,2.764389732666029e-14,2.073307666911721e-14,2764389.732666029,2073307.6669117212,0.750005559061379,1.2,0.85,MurphyTam2014 charge-exchange + Langevin elastic,Uses Aubreton1986 context; elastic represented with capture model
2500.0,e-Ar,electron-neutral,5.8187407334034355e-21,5.8187407334034355e-21,0.5818740733403436,0.5818740733403436,1.0,1.0,1.0,Milloy1977 + Frost1964,Omega22 assumed equal to Omega11
2700.0,Ar-Ar,neutral-neutral,2.372429782900897e-19,2.655283561151712e-19,23.724297829008968,26.55283561151712,1.1192253529649063,1.15,0.92,Aziz1990_TableI_II + LJ surrogate,HFDTCS2 full scattering integral not yet implemented
2700.0,Ar-Ar+,ion-neutral,2.660037400523624e-14,1.9950412333383708e-14,2660037.4005236244,1995041.233338371,0.7500049559249242,1.2,0.85,MurphyTam2014 charge-exchange + Langevin elastic,Uses Aubreton1986 context; elastic represented with capture model
2700.0,e-Ar,electron-neutral,6.16373269508184e-21,6.16373269508184e-21,0.616373269508184,0.616373269508184,1.0,1.0,1.0,Milloy1977 + Frost1964,Omega22 assumed equal to Omega11
2900.0,Ar-Ar,neutral-neutral,2.3460721076759857e-19,2.6272099567945785e-19,23.460721076759857,26.272099567945784,1.1198334220839816,1.15,0.92,Aziz1990_TableI_II + LJ surrogate,HFDTCS2 full scattering integral not yet implemented
2900.0,Ar-Ar+,ion-neutral,2.5666752126707902e-14,1.925017842934924e-14,2566675.2126707905,1925017.8429349242,0.7500044545689984,1.2,0.85,MurphyTam2014 charge-exchange + Langevin elastic,Uses Aubreton1986 context; elastic represented with capture model
2900.0,e-Ar,electron-neutral,6.54221908932802e-21,6.54221908932802e-21,0.6542219089328021,0.6542219089328021,1.0,1.0,1.0,Milloy1977 + Frost1964,Omega22 assumed equal to Omega11
3100.0,Ar-Ar,neutral-neutral,2.321753906803382e-19,2.601277527755643e-19,23.21753906803382,26.01277527755643,1.1203933027239361,1.15,0.92,Aziz1990_TableI_II + LJ surrogate,HFDTCS2 full scattering integral not yet implemented
3100.0,Ar-Ar+,ion-neutral,2.482500319376495e-14,1.8618852501244755e-14,2482500.319376495,1861885.2501244757,0.7500040324635715,1.2,0.85,MurphyTam2014 charge-exchange + Langevin elastic,Uses Aubreton1986 context; elastic represented with capture model
3100.0,e-Ar,electron-neutral,6.945941364928152e-21,6.945941364928152e-21,0.6945941364928152,0.6945941364928152,1.0,1.0,1.0,Milloy1977 + Frost1964,Omega22 assumed equal to Omega11
3300.0,Ar-Ar,neutral-neutral,2.2991942861930006e-19,2.5771995866738726e-19,22.991942861930006,25.771995866738727,1.1209142272796757,1.15,0.92,Aziz1990_TableI_II + LJ surrogate,HFDTCS2 full scattering integral not yet implemented
3300.0,Ar-Ar+,ion-neutral,2.4060984769147644e-14,1.804582695550354e-14,2406098.4769147644,1804582.695550354,0.7500036731099602,1.2,0.85,MurphyTam2014 charge-exchange + Langevin elastic,Uses Aubreton1986 context; elastic represented with capture model
3300.0,e-Ar,electron-neutral,7.368855605401833e-21,7.368855605401833e-21,0.7368855605401834,0.7368855605401834,1.0,1.0,1.0,Milloy1977 + Frost1964,Omega22 assumed equal to Omega11
3500.0,Ar-Ar,neutral-neutral,2.278167288677532e-19,2.554742493427614e-19,22.78167288677532,25.54742493427614,1.1214025002135084,1.15,0.92,Aziz1990_TableI_II + LJ surrogate,HFDTCS2 full scattering integral not yet implemented
3500.0,Ar-Ar+,ion-neutral,2.3363425844507746e-14,1.7522647982107373e-14,2336342.584450775,1752264.7982107375,0.7500033641781426,1.2,0.85,MurphyTam2014 charge-exchange + Langevin elastic,Uses Aubreton1986 context; elastic represented with capture model
3500.0,e-Ar,electron-neutral,7.806517907854851e-21,7.806517907854851e-21,0.7806517907854852,0.7806517907854852,1.0,1.0,1.0,Milloy1977 + Frost1964,Omega22 assumed equal to Omega11
3700.0,Ar-Ar,neutral-neutral,2.2584880227076793e-19,2.533713392127068e-19,22.58488022707679,25.33713392127068,1.1218626650450083,1.15,0.92,Aziz1990_TableI_II + LJ surrogate,HFDTCS2 full scattering integral not yet implemented
3700.0,Ar-Ar+,ion-neutral,2.272321827573538e-14,1.7042484064425122e-14,2272321.8275735383,1704248.4064425123,0.7500030962878027,1.2,0.85,MurphyTam2014 charge-exchange + Langevin elastic,Uses Aubreton1986 context; elastic represented with capture model
3700.0,e-Ar,electron-neutral,8.255661332261553e-21,8.255661332261553e-21,0.8255661332261554,0.8255661332261554,1.0,1.0,1.0,Milloy1977 + Frost1964,Omega22 assumed equal to Omega11
3900.0,Ar-Ar,neutral-neutral,2.2400030462301e-19,2.513951305474407e-19,22.400030462301,25.13951305474407,1.1222981637035534,1.15,0.92,Aziz1990_TableI_II + LJ surrogate,HFDTCS2 full scattering integral not yet implemented
3900.0,Ar-Ar+,ion-neutral,2.2132910834263065e-14,1.6599746474278816e-14,2213291.0834263065,1659974.6474278818,0.7500028621893429,1.2,0.85,MurphyTam2014 charge-exchange + Langevin elastic,Uses Aubreton1986 context; elastic represented with capture model
3900.0,e-Ar,electron-neutral,8.713899620676852e-21,8.713899620676852e-21,0.8713899620676852,0.8713899620676852,1.0,1.0,1.0,Milloy1977 + Frost1964,Omega22 assumed equal to Omega11
4100.0,Ar-Ar,neutral-neutral,2.2225834969431723e-19,2.495320531103083e-19,22.225834969431723,24.95320531103083,1.1227117156835813,1.15,0.92,Aziz1990_TableI_II + LJ surrogate,HFDTCS2 full scattering integral not yet implemented
4100.0,Ar-Ar+,ion-neutral,2.158634077907747e-14,1.618981292196229e-14,2158634.077907747,1618981.292196229,0.7500026562007324,1.2,0.85,MurphyTam2014 charge-exchange + Langevin elastic,Uses Aubreton1986 context; elastic represented with capture model
4100.0,e-Ar,electron-neutral,9.179515959302977e-21,9.179515959302977e-21,0.9179515959302978,0.9179515959302978,1.0,1.0,1.0,Milloy1977 + Frost1964,Omega22 assumed equal to Omega11
4300.0,Ar-Ar,neutral-neutral,2.20612005326937e-19,2.4777056583367974e-19,22.061200532693704,24.777056583367973,1.1231055420873173,1.15,0.92,Aziz1990_TableI_II + LJ surrogate,HFDTCS2 full scattering integral not yet implemented
4300.0,Ar-Ar+,ion-neutral,2.1078360850578046e-14,1.5808822781839575e-14,2107836.085057805,1580882.2781839576,0.7500024738121911,1.2,0.85,MurphyTam2014 charge-exchange + Langevin elastic,Uses Aubreton1986 context; elastic represented with capture model
4300.0,e-Ar,electron-neutral,9.651309369475537e-21,9.651309369475537e-21,0.9651309369475538,0.9651309369475538,1.0,1.0,1.0,Milloy1977 + Frost1964,Omega22 assumed equal to Omega11
4500.0,Ar-Ar,neutral-neutral,2.1905191531483016e-19,2.461007750280203e-19,21.905191531483016,24.61007750280203,1.1234815028862652,1.15,0.92,Aziz1990_TableI_II + LJ surrogate,HFDTCS2 full scattering integral not yet implemented
4500.0,Ar-Ar+,ion-neutral,2.0604633790071823e-14,1.545352296817747e-14,2060463.3790071825,1545352.2968177472,0.7500023114035459,1.2,0.85,MurphyTam2014 charge-exchange + Langevin elastic,Uses Aubreton1986 context; elastic represented with capture model
4500.0,e-Ar,electron-neutral,1.0128480488989819e-20,1.0128480488989819e-20,1.012848048898982,1.012848048898982,1.0,1.0,1.0,Milloy1977 + Frost1964,Omega22 assumed equal to Omega11
4700.0,Ar-Ar,neutral-neutral,2.1757001011036238e-19,2.4451413792524396e-19,21.757001011036238,24.451413792524395,1.1238411847350385,1.15,0.92,Aziz1990_TableI_II + LJ surrogate,HFDTCS2 full scattering integral not yet implemented
4700.0,Ar-Ar+,ion-neutral,2.0161475494379425e-14,1.512115029132125e-14,2016147.5494379424,1512115.0291321252,0.7500021660387254,1.2,0.85,MurphyTam2014 charge-exchange + Langevin elastic,Uses Aubreton1986 context; elastic represented with capture model
4700.0,e-Ar,electron-neutral,1.0610544540502735e-20,1.0610544540502735e-20,1.0610544540502735,1.0610544540502735,1.0,1.0,1.0,Milloy1977 + Frost1964,Omega22 assumed equal to Omega11
4900.0,Ar-Ar,neutral-neutral,2.1615928180636026e-19,2.430032297005281e-19,21.615928180636026,24.30032297005281,1.1241859598618356,1.15,0.92,Aziz1990_TableI_II + LJ surrogate,HFDTCS2 full scattering integral not yet implemented
4900.0,Ar-Ar+,ion-neutral,1.9745733761537312e-14,1.48093405099239e-14,1974573.3761537313,1480934.05099239,0.7500020353141291,1.2,0.85,MurphyTam2014 charge-exchange + Langevin elastic,Uses Aubreton1986 context; elastic represented with capture model
4900.0,e-Ar,electron-neutral,1.1097263320597431e-20,1.1097263320597431e-20,1.1097263320597432,1.1097263320597432,1.0,1.0,1.0,Milloy1977 + Frost1964,Omega22 assumed equal to Omega11
5100.0,Ar-Ar,neutral-neutral,2.1481360662411032e-19,2.415615583784256e-19,21.48136066241103,24.156155837842558,1.124517027457762,1.15,0.92,Aziz1990_TableI_II + LJ surrogate,HFDTCS2 full scattering integral not yet implemented
5100.0,Ar-Ar+,ion-neutral,1.9354693460516598e-14,1.4516057203079468e-14,1935469.34605166,1451605.720307947,0.7500019172451423,1.2,0.85,MurphyTam2014 charge-exchange + Langevin elastic,Uses Aubreton1986 context; elastic represented with capture model
5100.0,e-Ar,electron-neutral,1.1588590763009403e-20,1.1588590763009403e-20,1.1588590763009403,1.1588590763009403,1.0,1.0,1.0,Milloy1977 + Frost1964,Omega22 assumed equal to Omega11
5300.0,Ar-Ar,neutral-neutral,2.135276031613236e-19,2.4018341631708984e-19,21.35276031613236,24.018341631708985,1.1248354440415245,1.15,0.92,Aziz1990_TableI_II + LJ surrogate,HFDTCS2 full scattering integral not yet implemented
5300.0,Ar-Ar+,ion-neutral,1.898600157857594e-14,1.423953555201634e-14,1898600.1578575938,1423953.555201634,0.7500018101802132,1.2,0.85,MurphyTam2014 charge-exchange + Langevin elastic,Uses Aubreton1986 context; elastic represented with capture model
5300.0,e-Ar,electron-neutral,1.208462845968074e-20,1.208462845968074e-20,1.2084628459680742,1.2084628459680742,1.0,1.0,1.0,Milloy1977 + Frost1964,Omega22 assumed equal to Omega11
5500.0,Ar-Ar,neutral-neutral,2.1229651798596611e-19,2.3886375995536026e-19,21.22965179859661,23.886375995536028,1.1251421465666733,1.15,0.92,Aziz1990_TableI_II + LJ surrogate,HFDTCS2 full scattering integral not yet implemented
5500.0,Ar-Ar+,ion-neutral,1.863760740259704e-14,1.3978237473229831e-14,1863760.740259704,1397823.747322983,0.7500017127349752,1.2,0.85,MurphyTam2014 charge-exchange + Langevin elastic,Uses Aubreton1986 context; elastic represented with capture model
5500.0,e-Ar,electron-neutral,1.2585588744227553e-20,1.2585588744227553e-20,1.2585588744227554,1.2585588744227554,1.0,1.0,1.0,Milloy1977 + Frost1964,Omega22 assumed equal to Omega11
5700.0,Ar-Ar,neutral-neutral,2.1111613242868403e-19,2.375981116276195e-19,21.111613242868405,23.75981116276195,1.125437970534446,1.15,0.92,Aziz1990_TableI_II + LJ surrogate,HFDTCS2 full scattering integral not yet implemented
5700.0,Ar-Ar+,ion-neutral,1.8307714350754018e-14,1.3730815490056317e-14,1830771.435075402,1373081.5490056318,0.7500016237412401,1.2,0.85,MurphyTam2014 charge-exchange + Langevin elastic,Uses Aubreton1986 context; elastic represented with capture model
5700.0,e-Ar,electron-neutral,1.3091763745129616e-20,1.3091763745129616e-20,1.3091763745129616,1.3091763745129616,1.0,1.0,1.0,Milloy1977 + Frost1964,Omega22 assumed equal to Omega11
5900.0,Ar-Ar,neutral-neutral,2.0998268600493712e-19,2.3638247877611654e-19,20.998268600493713,23.638247877611654,1.1257236645242203,1.15,0.92,Aziz1990_TableI_II + LJ surrogate,HFDTCS2 full scattering integral not yet implemented
5900.0,Ar-Ar+,ion-neutral,1.799474086452341e-14,1.3496083400010152e-14,1799474.086452341,1349608.3400010152,0.7500015422071261,1.2,0.85,MurphyTam2014 charge-exchange + Langevin elastic,Uses Aubreton1986 context; elastic represented with capture model
5900.0,e-Ar,electron-neutral,1.3603499333625104e-20,1.3603499333625104e-20,1.3603499333625104,1.3603499333625104,1.0,1.0,1.0,Milloy1977 + Frost1964,Omega22 assumed equal to Omega11
6100.0,Ar-Ar,neutral-neutral,2.0889281301999297e-19,2.352132870015212e-19,20.889281301999297,23.521328700152118,1.1259999020598621,1.15,0.92,Aziz1990_TableI_II + LJ surrogate,HFDTCS2 full scattering integral not yet implemented
6100.0,Ar-Ar+,ion-neutral,1.7697288413465015e-14,1.327299227707506e-14,1769728.8413465016,1327299.2277075062,0.7500014672855916,1.2,0.85,MurphyTam2014 charge-exchange + Langevin elastic,Uses Aubreton1986 context; elastic represented with capture model
6100.0,e-Ar,electron-neutral,1.4121173217546014e-20,1.4121173217546014e-20,1.4121173217546015,1.4121173217546015,1.0,1.0,1.0,Milloy1977 + Frost1964,Omega22 assumed equal to Omega11
6300.0,Ar-Ar,neutral-neutral,2.0784348972229723e-19,2.3408732421188877e-19,20.784348972229722,23.408732421188876,1.1262672914348018,1.15,0.92,Aziz1990_TableI_II + LJ surrogate,HFDTCS2 full scattering integral not yet implemented
6300.0,Ar-Ar+,ion-neutral,1.741411513280754e-14,1.3060610698881317e-14,1741411.5132807542,1306061.0698881317,0.7500013982493785,1.2,0.85,MurphyTam2014 charge-exchange + Langevin elastic,Uses Aubreton1986 context; elastic represented with capture model
6300.0,e-Ar,electron-neutral,1.4645176632832877e-20,1.4645176632832877e-20,1.464517663283288,1.464517663283288,1.0,1.0,1.0,Milloy1977 + Frost1964,Omega22 assumed equal to Omega11
6500.0,Ar-Ar,neutral-neutral,2.068319899684144e-19,2.330016937412669e-19,20.68319899684144,23.300169374126693,1.1265263839353328,1.15,0.92,Aziz1990_TableI_II + LJ surrogate,HFDTCS2 full scattering integral not yet implemented
6500.0,Ar-Ar+,ion-neutral,1.714411395817767e-14,1.2858108346955503e-14,1714411.3958177671,1285810.8346955504,0.7500013344709623,1.2,0.85,MurphyTam2014 charge-exchange + Langevin elastic,Uses Aubreton1986 context; elastic represented with capture model
6500.0,e-Ar,electron-neutral,1.517589920474314e-20,1.517589920474314e-20,1.5175899204743142,1.5175899204743142,1.0,1.0,1.0,Milloy1977 + Frost1964,Omega22 assumed equal to Omega11
6700.0,Ar-Ar,neutral-neutral,2.05855847808698e-19,2.3195377476957067e-19,20.5855847808698,23.195377476957066,1.126777680783329,1.15,0.92,Aziz1990_TableI_II + LJ surrogate,HFDTCS2 full scattering integral not yet implemented
6700.0,Ar-Ar+,ion-neutral,1.68862943780681e-14,1.2664742320437347e-14,1688629.4378068103,1266474.2320437348,0.7500012754063022,1.2,0.85,MurphyTam2014 charge-exchange + Langevin elastic,Uses Aubreton1986 context; elastic represented with capture model
6700.0,e-Ar,electron-neutral,1.571371662178924e-20,1.571371662178924e-20,1.5713716621789242,1.5713716621789242,1.0,1.0,1.0,Milloy1977 + Frost1964,Omega22 assumed equal to Omega11
6900.0,Ar-Ar,neutral-neutral,2.0491282573976088e-19,2.3094118872557287e-19,20.49128257397609,23.094118872557285,1.1270216390401446,1.15,0.92,Aziz1990_TableI_II + LJ surrogate,HFDTCS2 full scattering integral not yet implemented
6900.0,Ar-Ar+,ion-neutral,1.6639767117270522e-14,1.2479845648147755e-14,1663976.7117270522,1247984.5648147755,0.7500012205816776,1.2,0.85,MurphyTam2014 charge-exchange + Langevin elastic,Uses Aubreton1986 context; elastic represented with capture model
6900.0,e-Ar,electron-neutral,1.6258980807732645e-20,1.6258980807732645e-20,1.6258980807732646,1.6258980807732646,1.0,1.0,1.0,Milloy1977 + Frost1964,Omega22 assumed equal to Omega11
7100.0,Ar-Ar,neutral-neutral,2.0400088762715848e-19,2.2996177062365746e-19,20.40008876271585,22.996177062365746,1.1272586766580461,1.15,0.92,Aziz1990_TableI_II + LJ surrogate,HFDTCS2 full scattering integral not yet implemented
7100.0,Ar-Ar+,ion-neutral,1.6403731210668497e-14,1.2302817593524389e-14,1640373.12106685,1230281.7593524389,0.7500011695828692,1.2,0.85,MurphyTam2014 charge-exchange + Langevin elastic,Uses Aubreton1986 context; elastic represented with capture model
7100.0,e-Ar,electron-neutral,1.681201230369644e-20,1.681201230369644e-20,1.681201230369644,1.681201230369644,1.0,1.0,1.0,Milloy1977 + Frost1964,Omega22 assumed equal to Omega11
7300.0,Ar-Ar,neutral-neutral,2.0311817550020303e-19,2.2901354449303604e-19,20.311817550020304,22.901354449303604,1.1274891768255724,1.15,0.92,Aziz1990_TableI_II + LJ surrogate,HFDTCS2 full scattering integral not yet implemented
7300.0,Ar-Ar+,ion-neutral,1.6177463038666405e-14,1.213311543086214e-14,1617746.3038666407,1213311.543086214,0.750001122046287,1.2,0.85,MurphyTam2014 charge-exchange + Langevin elastic,Uses Aubreton1986 context; elastic represented with capture model
7300.0,e-Ar,electron-neutral,1.7373094591711272e-20,1.7373094591711272e-20,1.7373094591711273,1.7373094591711273,1.0,1.0,1.0,Milloy1977 + Frost1964,Omega22 assumed equal to Omega11
7500.0,Ar-Ar,neutral-neutral,2.0226298957531237e-19,2.280947022204228e-19,20.226298957531238,22.80947022204228,1.1277134917235663,1.15,0.92,Aziz1990_TableI_II + LJ surrogate,HFDTCS2 full scattering integral not yet implemented
7500.0,Ar-Ar+,ion-neutral,1.5960306981874126e-14,1.1970247436055858e-14,1596030.6981874127,1197024.7436055858,0.7500010776515942,1.2,0.85,MurphyTam2014 charge-exchange + Langevin elastic,Uses Aubreton1986 context; elastic represented with capture model
7500.0,e-Ar,electron-neutral,1.7942470107449534e-20,1.7942470107449534e-20,1.7942470107449535,1.7942470107449535,1.0,1.0,1.0,Milloy1977 + Frost1964,Omega22 assumed equal to Omega11
7700.0,Ar-Ar,neutral-neutral,2.0143377098550606e-19,2.2720358525470853e-19,20.143377098550605,22.720358525470854,1.1279319457860753,1.15,0.92,Aziz1990_TableI_II + LJ surrogate,HFDTCS2 full scattering integral not yet implemented
7700.0,Ar-Ar+,ion-neutral,1.575166741981862e-14,1.1813766885412125e-14,1575166.741981862,1181376.6885412126,0.7500010361155885,1.2,0.85,MurphyTam2014 charge-exchange + Langevin elastic,Uses Aubreton1986 context; elastic represented with capture model
7700.0,e-Ar,electron-neutral,1.8520337705959996e-20,1.8520337705959996e-20,1.8520337705959997,1.8520337705959997,1.0,1.0,1.0,Milloy1977 + Frost1964,Omega22 assumed equal to Omega11
7900.0,Ar-Ar,neutral-neutral,2.0062908678946483e-19,2.2633866872310637e-19,20.06290867894648,22.633866872310637,1.1281448385428805,1.15,0.92,Aziz1990_TableI_II + LJ surrogate,HFDTCS2 full scattering integral not yet implemented
7900.0,Ar-Ar+,ion-neutral,1.5551001851057334e-14,1.1663266895550919e-14,1555100.1851057333,1166326.689555092,0.7500009971870666,1.2,0.85,MurphyTam2014 charge-exchange + Langevin elastic,Uses Aubreton1986 context; elastic represented with capture model
7900.0,e-Ar,electron-neutral,1.9106851360948068e-20,1.9106851360948068e-20,1.910685136094807,1.910685136094807,1.0,1.0,1.0,Milloy1977 + Frost1964,Omega22 assumed equal to Omega11
8100.0,Ar-Ar,neutral-neutral,1.998476169098255e-19,2.2549854758864307e-19,19.98476169098255,22.549854758864306,1.1283524471066957,1.15,0.92,Aziz1990_TableI_II + LJ surrogate,HFDTCS2 full scattering integral not yet implemented
8100.0,Ar-Ar+,ion-neutral,1.5357814953561007e-14,1.1518375968540804e-14,1535781.4953561008,1151837.5968540804,0.7500009606425194,1.2,0.85,MurphyTam2014 charge-exchange + Langevin elastic,Uses Aubreton1986 context; elastic represented with capture model
8100.0,e-Ar,electron-neutral,1.9702119895790113e-20,1.9702119895790113e-20,1.9702119895790113,1.9702119895790113,1.0,1.0,1.0,Milloy1977 + Frost1964,Omega22 assumed equal to Omega11
8300.0,Ar-Ar,neutral-neutral,1.9908814271146206e-19,2.24681924543311e-19,19.908814271146205,22.468192454331103,1.1285550283571733,1.15,0.92,Aziz1990_TableI_II + LJ surrogate,HFDTCS2 full scattering integral not yet implemented
8300.0,Ar-Ar+,ion-neutral,1.5171653437174186e-14,1.1378754131117368e-14,1517165.3437174186,1137875.4131117368,0.7500009262824772,1.2,0.85,MurphyTam2014 charge-exchange + Langevin elastic,Uses Aubreton1986 context; elastic represented with capture model
8300.0,e-Ar,electron-neutral,2.030620756282938e-20,2.030620756282938e-20,2.030620756282938,2.030620756282938,1.0,1.0,1.0,Milloy1977 + Frost1964,Omega22 assumed equal to Omega11
8500.0,Ar-Ar,neutral-neutral,1.9834953697972977e-19,2.238875993831534e-19,19.834953697972978,22.388759938315342,1.1287528208650848,1.15,0.92,Aziz1990_TableI_II + LJ surrogate,HFDTCS2 full scattering integral not yet implemented
8500.0,Ar-Ar+,ion-neutral,1.499210156627302e-14,1.1244089576570696e-14,1499210.156627302,1124408.9576570697,0.7500008939284377,1.2,0.85,MurphyTam2014 charge-exchange + Langevin elastic,Uses Aubreton1986 context; elastic represented with capture model
8500.0,e-Ar,electron-neutral,2.0919135306184206e-20,2.0919135306184206e-20,2.0919135306184207,2.0919135306184207,1.0,1.0,1.0,Milloy1977 + Frost1964,Omega22 assumed equal to Omega11
8700.0,Ar-Ar,neutral-neutral,1.9763075509854198e-19,2.231144596536785e-19,19.763075509854197,22.311445965367852,1.1289460465929502,1.15,0.92,Aziz1990_TableI_II + LJ surrogate,HFDTCS2 full scattering integral not yet implemented
8700.0,Ar-Ar+,ion-neutral,1.4818777251879816e-14,1.1114095733741842e-14,1481877.7251879815,1111409.5733741843,0.7500008634202244,1.2,0.85,MurphyTam2014 charge-exchange + Langevin elastic,Uses Aubreton1986 context; elastic represented with capture model
8700.0,e-Ar,electron-neutral,2.154088256186351e-20,2.154088256186351e-20,2.154088256186351,2.154088256186351,1.0,1.0,1.0,Milloy1977 + Frost1964,Omega22 assumed equal to Omega11
8900.0,Ar-Ar,neutral-neutral,1.9693082726065512e-19,2.223614723883319e-19,19.693082726065512,22.23614723883319,1.1291349124026027,1.15,0.92,Aziz1990_TableI_II + LJ surrogate,HFDTCS2 full scattering integral not yet implemented
8900.0,Ar-Ar+,ion-neutral,1.4651328629571555e-14,1.0988508700378795e-14,1465132.8629571556,1098850.8700378796,0.7500008346137362,1.2,0.85,MurphyTam2014 charge-exchange + Langevin elastic,Uses Aubreton1986 context; elastic represented with capture model
8900.0,e-Ar,electron-neutral,2.2171389467022735e-20,2.2171389467022735e-20,2.2171389467022737,2.2171389467022737,1.0,1.0,1.0,Milloy1977 + Frost1964,Omega22 assumed equal to Omega11
9100.0,Ar-Ar,neutral-neutral,1.9624885156915836e-19,2.2162767679087887e-19,19.624885156915838,22.16276767908789,1.1293196113954174,1.15,0.92,Aziz1990_TableI_II + LJ surrogate,HFDTCS2 full scattering integral not yet implemented
9100.0,Ar-Ar+,ion-neutral,1.4489431053388744e-14,1.086708498850435e-14,1448943.1053388745,1086708.498850435,0.7500008073790302,1.2,0.85,MurphyTam2014 charge-exchange + Langevin elastic,Uses Aubreton1986 context; elastic represented with capture model
9100.0,e-Ar,electron-neutral,2.2810559367367897e-20,2.2810559367367897e-20,2.2810559367367897,2.2810559367367897,1.0,1.0,1.0,Milloy1977 + Frost1964,Omega22 assumed equal to Omega11
9300.0,Ar-Ar,neutral-neutral,1.9558398791106957e-19,2.2091217773569767e-19,19.558398791106956,22.091217773569767,1.1295003241070256,1.15,0.92,Aziz1990_TableI_II + LJ surrogate,HFDTCS2 full scattering integral not yet implemented
9300.0,Ar-Ar+,ion-neutral,1.433278444727122e-14,1.0749599537938278e-14,1433278.444727122,1074959.953793828,0.7500007815986423,1.2,0.85,MurphyTam2014 charge-exchange + Langevin elastic,Uses Aubreton1986 context; elastic represented with capture model
9300.0,e-Ar,electron-neutral,2.3458261527770292e-20,2.3458261527770292e-20,2.3458261527770294,2.3458261527770294,1.0,1.0,1.0,Milloy1977 + Frost1964,Omega22 assumed equal to Omega11
9500.0,Ar-Ar,neutral-neutral,1.9493545250204977e-19,2.2021413997912336e-19,19.493545250204978,22.021413997912337,1.1296772195750682,1.15,0.92,Aziz1990_TableI_II + LJ surrogate,HFDTCS2 full scattering integral not yet implemented
9500.0,Ar-Ar+,ion-neutral,1.4181110964829821e-14,1.0635843961079783e-14,1418111.0964829822,1063584.3961079784,0.7500007571661659,1.2,0.85,MurphyTam2014 charge-exchange + Langevin elastic,Uses Aubreton1986 context; elastic represented with capture model
9500.0,e-Ar,electron-neutral,2.4114333965927196e-20,2.4114333965927196e-20,2.4114333965927197,2.4114333965927197,1.0,1.0,1.0,Milloy1977 + Frost1964,Omega22 assumed equal to Omega11
9700.0,Ar-Ar,neutral-neutral,1.9430251301628198e-19,2.1953278299087836e-19,19.430251301628196,21.953278299087835,1.1298504562958593,1.15,0.92,Aziz1990_TableI_II + LJ surrogate,HFDTCS2 full scattering integral not yet implemented
9700.0,Ar-Ar+,ion-neutral,1.40341529159113e-14,1.0525624987791118e-14,1403415.2915911302,1052562.4987791118,0.7500007339849939,1.2,0.85,MurphyTam2014 charge-exchange + Langevin elastic,Uses Aubreton1986 context; elastic represented with capture model
9700.0,e-Ar,electron-neutral,2.477858634229827e-20,2.477858634229827e-20,2.477858634229827,2.477858634229827,1.0,1.0,1.0,Milloy1977 + Frost1964,Omega22 assumed equal to Omega11
9900.0,Ar-Ar,neutral-neutral,1.9368448422809868e-19,2.1886737632787726e-19,19.368448422809866,21.886737632787725,1.130020183083541,1.15,0.92,Aziz1990_TableI_II + LJ surrogate,HFDTCS2 full scattering integral not yet implemented
9900.0,Ar-Ar+,ion-neutral,1.3891670924739978e-14,1.0418763083969794e-14,1389167.092473998,1041876.3083969795,0.7500007119672546,1.2,0.85,MurphyTam2014 charge-exchange + Langevin elastic,Uses Aubreton1986 context; elastic represented with capture model
9900.0,e-Ar,electron-neutral,2.5450802851533647e-20,2.5450802851533647e-20,2.545080285153365,2.545080285153365,1.0,1.0,1.0,Milloy1977 + Frost1964,Omega22 assumed equal to Omega11
10100.0,Ar-Ar,neutral-neutral,1.9308072410243492e-19,2.1821723548379336e-19,19.308072410243494,21.821723548379335,1.130186539843422,1.15,0.92,Aziz1990_TableI_II + LJ surrogate,HFDTCS2 full scattering integral not yet implemented
10100.0,Ar-Ar+,ion-neutral,1.3753442289677853e-14,1.0315091221338778e-14,1375344.2289677854,1031509.1221338778,0.7500006910328475,1.2,0.85,MurphyTam2014 charge-exchange + Langevin elastic,Uses Aubreton1986 context; elastic represented with capture model
10100.0,e-Ar,electron-neutral,2.6130745071208413e-20,2.6130745071208413e-20,2.6130745071208414,2.6130745071208414,1.0,1.0,1.0,Milloy1977 + Frost1964,Omega22 assumed equal to Omega11
10300.0,Ar-Ar,neutral-neutral,1.9249063028000133e-19,2.1758171815709863e-19,19.249063028000133,21.758171815709865,1.130349658269596,1.15,0.92,Aziz1990_TableI_II + LJ surrogate,HFDTCS2 full scattering integral not yet implemented
10300.0,Ar-Ar+,ion-neutral,1.3619259519028282e-14,1.0214453779273708e-14,1361925.9519028282,1021445.3779273708,0.7500006711086226,1.2,0.85,MurphyTam2014 charge-exchange + Langevin elastic,Uses Aubreton1986 context; elastic represented with capture model
10300.0,e-Ar,electron-neutral,2.6818154732943584e-20,2.6818154732943584e-20,2.6818154732943587,2.6818154732943587,1.0,1.0,1.0,Milloy1977 + Frost1964,Omega22 assumed equal to Omega11
10500.0,Ar-Ar,neutral-neutral,1.9191363691050926e-19,2.1696022088815567e-19,19.191363691050924,21.696022088815567,1.130509662475553,1.15,0.92,Aziz1990_TableI_II + LJ surrogate,HFDTCS2 full scattering integral not yet implemented
10500.0,Ar-Ar+,ion-neutral,1.3488929020980819e-14,1.0116705562239469e-14,1348892.902098082,1011670.556223947,0.7500006521276701,1.2,0.85,MurphyTam2014 charge-exchange + Langevin elastic,Uses Aubreton1986 context; elastic represented with capture model
10500.0,e-Ar,electron-neutral,2.751275638900588e-20,2.751275638900588e-20,2.751275638900588,2.751275638900588,1.0,1.0,1.0,Milloy1977 + Frost1964,Omega22 assumed equal to Omega11
10700.0,Ar-Ar,neutral-neutral,1.9134921179357134e-19,2.1635217602259807e-19,19.134921179357136,21.635217602259807,1.130666669565381,1.15,0.92,Aziz1990_TableI_II + LJ surrogate,HFDTCS2 full scattering integral not yet implemented
10700.0,Ar-Ar+,ion-neutral,1.3362269928880132e-14,1.0021710918722289e-14,1336226.9928880134,1002171.091872229,0.7500006340286669,1.2,0.85,MurphyTam2014 charge-exchange + Langevin elastic,Uses Aubreton1986 context; elastic represented with capture model
10700.0,e-Ar,electron-neutral,2.8214259954334967e-20,2.8214259954334967e-20,2.8214259954334966,2.8214259954334966,1.0,1.0,1.0,Milloy1977 + Frost1964,Omega22 assumed equal to Omega11
10900.0,Ar-Ar,neutral-neutral,1.9079685379224762e-19,2.1575704896389093e-19,19.079685379224763,21.575704896389095,1.1308207901521357,1.15,0.92,Aziz1990_TableI_II + LJ surrogate,HFDTCS2 full scattering integral not yet implemented
10900.0,Ar-Ar+,ion-neutral,1.3239113045602512e-14,9.929342949495415e-15,1323911.3045602513,992934.2949495416,0.7500006167553297,1.2,0.85,MurphyTam2014 charge-exchange + Langevin elastic,Uses Aubreton1986 context; elastic represented with capture model
10900.0,e-Ar,electron-neutral,2.892236310975398e-20,2.892236310975398e-20,2.8922363109753984,2.8922363109753984,1.0,1.0,1.0,Milloy1977 + Frost1964,Omega22 assumed equal to Omega11
11100.0,Ar-Ar,neutral-neutral,1.9025609048875686e-19,2.1517433568277977e-19,19.025609048875687,21.517433568277976,1.130972128829145,1.15,0.92,Aziz1990_TableI_II + LJ surrogate,HFDTCS2 full scattering integral not yet implemented
11100.0,Ar-Ar+,ion-neutral,1.3119299893026812e-14,9.839482794707217e-15,1311929.9893026813,983948.2794707217,0.7500006002558957,1.2,0.85,MurphyTam2014 charge-exchange + Langevin elastic,Uses Aubreton1986 context; elastic represented with capture model
11100.0,e-Ar,electron-neutral,2.9636753556978963e-20,2.9636753556978963e-20,2.9636753556978968,2.9636753556978968,1.0,1.0,1.0,Milloy1977 + Frost1964,Omega22 assumed equal to Omega11
11300.0,Ar-Ar,neutral-neutral,1.8972647605576475e-19,2.146035604554549e-19,18.972647605576476,21.460356045545492,1.1311207845992894,1.15,0.92,Aziz1990_TableI_II + LJ surrogate,HFDTCS2 full scattering integral not yet implemented
11300.0,Ar-Ar+,ion-neutral,1.3002681854453345e-14,9.752018990682886e-15,1300268.1854453345,975201.8990682886,0.7500005844827214,1.2,0.85,MurphyTam2014 charge-exchange + Langevin elastic,Uses Aubreton1986 context; elastic represented with capture model
11300.0,e-Ar,electron-neutral,3.035711112007058e-20,3.035711112007058e-20,3.035711112007058,3.035711112007058,1.0,1.0,1.0,Milloy1977 + Frost1964,Omega22 assumed equal to Omega11
11500.0,Ar-Ar,neutral-neutral,1.8920758931999472e-19,2.1404427380578715e-19,18.920758931999472,21.404427380578714,1.1312668512666675,1.15,0.92,Aziz1990_TableI_II + LJ surrogate,HFDTCS2 full scattering integral not yet implemented
11500.0,Ar-Ar+,ion-neutral,1.2889119399417699e-14,9.666846888522889e-15,1288911.93994177,966684.688852289,0.7500005693918558,1.2,0.85,MurphyTam2014 charge-exchange + Langevin elastic,Uses Aubreton1986 context; elastic represented with capture model
11500.0,e-Ar,electron-neutral,3.108310969126307e-20,3.108310969126307e-20,3.108310969126307,3.108310969126307,1.0,1.0,1.0,Milloy1977 + Frost1964,Omega22 assumed equal to Omega11
11700.0,Ar-Ar,neutral-neutral,1.8869903199777186e-19,2.1349605063002496e-19,18.869903199777188,21.349605063002496,1.1314104177945434,1.15,0.92,Aziz1990_TableI_II + LJ surrogate,HFDTCS2 full scattering integral not yet implemented
11700.0,Ar-Ar+,ion-neutral,1.2778481381703666e-14,9.583868127602904e-15,1277848.1381703666,958386.8127602905,0.7500005549427152,1.2,0.85,MurphyTam2014 charge-exchange + Langevin elastic,Uses Aubreton1986 context; elastic represented with capture model
11700.0,e-Ar,electron-neutral,3.181441902175714e-20,3.181441902175714e-20,3.1814419021757137,3.1814419021757137,1.0,1.0,1.0,Milloy1977 + Frost1964,Omega22 assumed equal to Omega11
11900.0,Ar-Ar,neutral-neutral,1.8820042708458173e-19,2.129584884849581e-19,18.820042708458175,21.29584884849581,1.1315515686329953,1.15,0.92,Aziz1990_TableI_II + LJ surrogate,HFDTCS2 full scattering integral not yet implemented
11900.0,Ar-Ar+,ion-neutral,1.2670644402524403e-14,9.502990157950675e-15,1267064.4402524403,950299.0157950677,0.7500005410977655,1.2,0.85,MurphyTam2014 charge-exchange + Langevin elastic,Uses Aubreton1986 context; elastic represented with capture model
11900.0,e-Ar,electron-neutral,3.255070636016631e-20,3.255070636016631e-20,3.255070636016631,3.255070636016631,1.0,1.0,1.0,Milloy1977 + Frost1964,Omega22 assumed equal to Omega11
12100.0,Ar-Ar,neutral-neutral,1.8771141738286008e-19,2.124312060228153e-19,18.77114173828601,21.24312060228153,1.131690384019296,1.15,0.92,Aziz1990_TableI_II + LJ surrogate,HFDTCS2 full scattering integral not yet implemented
12100.0,Ar-Ar+,ion-neutral,1.2565492231840893e-14,9.424125806227062e-15,1256549.2231840894,942412.5806227063,0.7500005278222508,1.2,0.85,MurphyTam2014 charge-exchange + Langevin elastic,Uses Aubreton1986 context; elastic represented with capture model
12100.0,e-Ar,electron-neutral,3.3291637942939865e-20,3.3291637942939865e-20,3.3291637942939865,3.3291637942939865,1.0,1.0,1.0,Milloy1977 + Frost1964,Omega22 assumed equal to Omega11
12300.0,Ar-Ar,neutral-neutral,1.8723166415407902e-19,2.1191384155812006e-19,18.723166415407903,21.191384155812006,1.1318269402537025,1.15,0.92,Aziz1990_TableI_II + LJ surrogate,HFDTCS2 full scattering integral not yet implemented
12300.0,Ar-Ar+,ion-neutral,1.2462915281647183e-14,9.347192880682942e-15,1246291.5281647183,934719.2880682943,0.7500005150839438,1.2,0.85,MurphyTam2014 charge-exchange + Langevin elastic,Uses Aubreton1986 context; elastic represented with capture model
12300.0,e-Ar,electron-neutral,3.403688034231729e-20,3.403688034231729e-20,3.4036880342317297,3.4036880342317297,1.0,1.0,1.0,Milloy1977 + Frost1964,Omega22 assumed equal to Omega11
12500.0,Ar-Ar,neutral-neutral,1.8676084588280134e-19,2.1140605175343247e-19,18.676084588280133,21.140605175343246,1.131961309953034,1.15,0.92,Aziz1990_TableI_II + LJ surrogate,HFDTCS2 full scattering integral not yet implemented
12500.0,Ar-Ar+,ion-neutral,1.2362810125795967e-14,9.272113811022223e-15,1236281.0125795968,927211.3811022224,0.7500005028529262,1.2,0.85,MurphyTam2014 charge-exchange + Langevin elastic,Uses Aubreton1986 context; elastic represented with capture model
12500.0,e-Ar,electron-neutral,3.4786101678273284e-20,3.4786101678273284e-20,3.4786101678273287,3.4786101678273287,1.0,1.0,1.0,Milloy1977 + Frost1964,Omega22 assumed equal to Omega11
12700.0,Ar-Ar,neutral-neutral,1.8629865714177538e-19,2.109075104123857e-19,18.629865714177537,21.09075104123857,1.1320935622841484,1.15,0.92,Aziz1990_TableI_II + LJ surrogate,HFDTCS2 full scattering integral not yet implemented
12700.0,Ar-Ar+,ion-neutral,1.2265079061581215e-14,9.198815319583235e-15,1226507.9061581215,919881.5319583236,0.7500004911013858,1.2,0.85,MurphyTam2014 charge-exchange + Langevin elastic,Uses Aubreton1986 context; elastic represented with capture model
12700.0,e-Ar,electron-neutral,3.553897270152841e-20,3.553897270152841e-20,3.5538972701528415,3.5538972701528415,1.0,1.0,1.0,Milloy1977 + Frost1964,Omega22 assumed equal to Omega11
12900.0,Ar-Ar,neutral-neutral,1.8584480754836e-19,2.104179073697196e-19,18.584480754836,21.041790736971958,1.1322237631792067,1.15,0.92,Aziz1990_TableI_II + LJ surrogate,HFDTCS2 full scattering integral not yet implemented
12900.0,Ar-Ar+,ion-neutral,1.2169629708852989e-14,9.127228120669972e-15,1216962.970885299,912722.8120669972,0.7500004798034426,1.2,0.85,MurphyTam2014 charge-exchange + Langevin elastic,Uses Aubreton1986 context; elastic represented with capture model
12900.0,e-Ar,electron-neutral,3.629516775509913e-20,3.629516775509913e-20,3.6295167755099134,3.6295167755099134,1.0,1.0,1.0,Milloy1977 + Frost1964,Omega22 assumed equal to Omega11
13100.0,Ar-Ar,neutral-neutral,1.8539902080364152e-19,2.0993694746914505e-19,18.53990208036415,20.993694746914507,1.1323519755343907,1.15,0.92,Aziz1990_TableI_II + LJ surrogate,HFDTCS2 full scattering integral not yet implemented
13100.0,Ar-Ar+,ion-neutral,1.2076374642925645e-14,9.057286645228806e-15,1207637.4642925647,905728.6645228806,0.7500004689349858,1.2,0.85,MurphyTam2014 charge-exchange + Langevin elastic,Uses Aubreton1986 context; elastic represented with capture model
13100.0,e-Ar,electron-neutral,3.7054365622061585e-20,3.7054365622061585e-20,3.7054365622061587,3.7054365622061587,1.0,1.0,1.0,Milloy1977 + Frost1964,Omega22 assumed equal to Omega11
13300.0,Ar-Ar,neutral-neutral,1.8496103380653527e-19,2.094643496208654e-19,18.496103380653526,20.946434962086542,1.1324782593935976,1.15,0.92,Aziz1990_TableI_II + LJ surrogate,HFDTCS2 full scattering integral not yet implemented
13300.0,Ar-Ar+,ion-neutral,1.198523105796328e-14,8.988928788383627e-15,1198523.105796328,898892.8788383628,0.750000458473528,1.2,0.85,MurphyTam2014 charge-exchange + Langevin elastic,Uses Aubreton1986 context; elastic represented with capture model
13300.0,e-Ar,electron-neutral,3.781625026726161e-20,3.781625026726161e-20,3.781625026726161,3.781625026726161,1.0,1.0,1.0,Milloy1977 + Frost1964,Omega22 assumed equal to Omega11
13500.0,Ar-Ar,neutral-neutral,1.8453059583599155e-19,2.0899984593145086e-19,18.453059583599156,20.899984593145085,1.1326026721184344,1.15,0.92,Aziz1990_TableI_II + LJ surrogate,HFDTCS2 full scattering integral not yet implemented
13500.0,Ar-Ar+,ion-neutral,1.1896120457896723e-14,8.92209567762002e-15,1189612.0457896723,892209.5677620021,0.750000448398072,1.2,0.85,MurphyTam2014 charge-exchange + Langevin elastic,Uses Aubreton1986 context; elastic represented with capture model
13500.0,e-Ar,electron-neutral,3.858051148063698e-20,3.858051148063698e-20,3.8580511480636983,3.8580511480636983,1.0,1.0,1.0,Milloy1977 + Frost1964,Omega22 assumed equal to Omega11
13700.0,Ar-Ar,neutral-neutral,1.8410746779514491e-19,2.0854318089953062e-19,18.41074677951449,20.85431808995306,1.132725268545734,1.15,0.92,Aziz1990_TableI_II + LJ surrogate,HFDTCS2 full scattering integral not yet implemented
13700.0,Ar-Ar+,ion-neutral,1.1808968372249475e-14,8.856731459651568e-15,1180896.8372249475,885673.1459651568,0.7500004386889945,1.2,0.85,MurphyTam2014 charge-exchange + Langevin elastic,Uses Aubreton1986 context; elastic represented with capture model
13700.0,e-Ar,electron-neutral,3.9346845429660645e-20,3.9346845429660645e-20,3.9346845429660644,3.9346845429660644,1.0,1.0,1.0,Milloy1977 + Frost1964,Omega22 assumed equal to Omega11
13900.0,Ar-Ar,neutral-neutral,1.8369142151188741e-19,2.080941106714434e-19,18.36914215118874,20.809411067144342,1.132846101133671,1.15,0.92,Aziz1990_TableI_II + LJ surrogate,HFDTCS2 full scattering integral not yet implemented
13900.0,Ar-Ar+,ion-neutral,1.1723704094535041e-14,8.792783104214963e-15,1172370.4094535043,879278.3104214963,0.7500004293279361,1.2,0.85,MurphyTam2014 charge-exchange + Langevin elastic,Uses Aubreton1986 context; elastic represented with capture model
13900.0,e-Ar,electron-neutral,4.011495512818455e-20,4.011495512818455e-20,4.011495512818455,4.011495512818455,1.0,1.0,1.0,Milloy1977 + Frost1964,Omega22 assumed equal to Omega11
14100.0,Ar-Ar,neutral-neutral,1.8328223909090737e-19,2.076524023515837e-19,18.328223909090738,20.76524023515837,1.132965220097452,1.15,0.92,Aziz1990_TableI_II + LJ surrogate,HFDTCS2 full scattering integral not yet implemented
14100.0,Ar-Ar+,ion-neutral,1.1640260441136433e-14,8.730200223227045e-15,1164026.0441136435,873020.0223227045,0.7500004202977025,1.2,0.85,MurphyTam2014 charge-exchange + Langevin elastic,Uses Aubreton1986 context; elastic represented with capture model
14100.0,e-Ar,electron-neutral,4.088455082867971e-20,4.088455082867971e-20,4.088455082867972,4.088455082867972,1.0,1.0,1.0,Milloy1977 + Frost1964,Omega22 assumed equal to Omega11
14300.0,Ar-Ar,neutral-neutral,1.8287971231273679e-19,2.0721783336271284e-19,18.28797123127368,20.721783336271283,1.1330826735354669,1.15,0.92,Aziz1990_TableI_II + LJ surrogate,HFDTCS2 full scattering integral not yet implemented
14300.0,Ar-Ar+,ion-neutral,1.1558573528799418e-14,8.668934903902434e-15,1155857.352879942,866893.4903902435,0.7500004115821782,1.2,0.85,MurphyTam2014 charge-exchange + Langevin elastic,Uses Aubreton1986 context; elastic represented with capture model
14300.0,e-Ar,electron-neutral,4.1655350344549226e-20,4.1655350344549226e-20,4.165535034454923,4.165535034454923,1.0,1.0,1.0,Milloy1977 + Frost1964,Omega22 assumed equal to Omega11
14500.0,Ar-Ar,neutral-neutral,1.8248364207579117e-19,2.0679019085197076e-19,18.248364207579115,20.679019085197076,1.1331985075466893,1.15,0.92,Aziz1990_TableI_II + LJ surrogate,HFDTCS2 full scattering integral not yet implemented
14500.0,Ar-Ar+,ion-neutral,1.147858256906517e-14,8.608941554575897e-15,1147858.256906517,860894.1554575897,0.7500004031662438,1.2,0.85,MurphyTam2014 charge-exchange + Langevin elastic,Uses Aubreton1986 context; elastic represented with capture model
14500.0,e-Ar,electron-neutral,4.2427079308846e-20,4.2427079308846e-20,4.2427079308846,4.2427079308846,1.0,1.0,1.0,Milloy1977 + Frost1964,Omega22 assumed equal to Omega11
14700.0,Ar-Ar,neutral-neutral,1.8209383787778064e-19,2.0636927113874305e-19,18.209383787778066,20.636927113874304,1.133312766340044,1.15,0.92,Aziz1990_TableI_II + LJ surrogate,HFDTCS2 full scattering integral not yet implemented
14700.0,Ar-Ar+,ion-neutral,1.1400229678138345e-14,8.550176762101458e-15,1140022.9678138345,855017.6762101458,0.7500003950356989,1.2,0.85,MurphyTam2014 charge-exchange + Langevin elastic,Uses Aubreton1986 context; elastic represented with capture model
14700.0,e-Ar,electron-neutral,4.319947137536379e-20,4.319947137536379e-20,4.31994713753638,4.31994713753638,1.0,1.0,1.0,Milloy1977 + Frost1964,Omega22 assumed equal to Omega11
14900.0,Ar-Ar,neutral-neutral,1.8171011733321925e-19,2.0595487920090881e-19,18.171011733321926,20.595487920090882,1.1334254923363987,1.15,0.92,Aziz1990_TableI_II + LJ surrogate,HFDTCS2 full scattering integral not yet implemented
14900.0,Ar-Ar+,ion-neutral,1.1323459700840012e-14,8.492599159815412e-15,1132345.9700840013,849259.9159815413,0.7500003871771984,1.2,0.85,MurphyTam2014 charge-exchange + Langevin elastic,Uses Aubreton1986 context; elastic represented with capture model
14900.0,e-Ar,electron-neutral,4.3972268367706815e-20,4.3972268367706815e-20,4.397226836770682,4.397226836770682,1.0,1.0,1.0,Milloy1977 + Frost1964,Omega22 assumed equal to Omega11
15100.0,Ar-Ar,neutral-neutral,1.8133230572407265e-19,2.0554682819632553e-19,18.133230572407264,20.554682819632554,1.1335367262637652,1.15,0.92,Aziz1990_TableI_II + LJ surrogate,HFDTCS2 full scattering integral not yet implemented
15100.0,Ar-Ar+,ion-neutral,1.1248220047428222e-14,8.436169305150145e-15,1124822.0047428221,843616.9305150146,0.7500003795781875,1.2,0.85,MurphyTam2014 charge-exchange + Langevin elastic,Uses Aubreton1986 context; elastic represented with capture model
15100.0,e-Ar,electron-neutral,4.474522038157159e-20,4.474522038157159e-20,4.4745220381571595,4.4745220381571595,1.0,1.0,1.0,Milloy1977 + Frost1964,Omega22 assumed equal to Omega11
15300.0,Ar-Ar,neutral-neutral,1.80960235580863e-19,2.0514493901670203e-19,18.096023558086298,20.514493901670203,1.1336465072462396,1.15,0.92,Aziz1990_TableI_II + LJ surrogate,HFDTCS2 full scattering integral not yet implemented
15300.0,Ar-Ar+,ion-neutral,1.1174460542189488e-14,8.380849566076362e-15,1117446.0542189488,838084.9566076362,0.7500003722268498,1.2,0.85,MurphyTam2014 charge-exchange + Langevin elastic,Uses Aubreton1986 context; elastic represented with capture model
15300.0,e-Ar,electron-neutral,4.551808584511473e-20,4.551808584511473e-20,4.551808584511473,4.551808584511473,1.0,1.0,1.0,Milloy1977 + Frost1964,Omega22 assumed equal to Omega11
15500.0,Ar-Ar,neutral-neutral,1.8059374629179717e-19,2.047490398712768e-19,18.059374629179718,20.474903987127682,1.1337548728871838,1.15,0.92,Aziz1990_TableI_II + LJ surrogate,HFDTCS2 full scattering integral not yet implemented
15500.0,Ar-Ar+,ion-neutral,1.1102133282810619e-14,8.32660401563058e-15,1110213.328281062,832660.401563058,0.7500003651120476,1.2,0.85,MurphyTam2014 charge-exchange + Langevin elastic,Uses Aubreton1986 context; elastic represented with capture model
15500.0,e-Ar,electron-neutral,4.6290631541925564e-20,4.6290631541925564e-20,4.629063154192557,4.629063154192557,1.0,1.0,1.0,Milloy1977 + Frost1964,Omega22 assumed equal to Omega11
15700.0,Ar-Ar,neutral-neutral,1.8023268373770964e-19,2.0435896589795267e-19,18.023268373770964,20.435896589795266,1.1338618593470744,1.15,0.92,Aziz1990_TableI_II + LJ surrogate,HFDTCS2 full scattering integral not yet implemented
15700.0,Ar-Ar+,ion-neutral,1.1031192509635372e-14,8.273398333856537e-15,1103119.2509635373,827339.8333856538,0.750000358223284,1.2,0.85,MurphyTam2014 charge-exchange + Langevin elastic,Uses Aubreton1986 context; elastic represented with capture model
15700.0,e-Ar,electron-neutral,4.7062632600780305e-20,4.7062632600780305e-20,4.706263260078031,4.706263260078031,1.0,1.0,1.0,Milloy1977 + Frost1964,Omega22 assumed equal to Omega11
15900.0,Ar-Ar,neutral-neutral,1.7987689995080923e-19,2.0397455879975334e-19,17.987689995080924,20.397455879975332,1.1339675014164359,1.15,0.92,Aziz1990_TableI_II + LJ surrogate,HFDTCS2 full scattering integral not yet implemented
15900.0,Ar-Ar+,ion-neutral,1.0961594483995265e-14,8.221199716552091e-15,1096159.4483995265,822119.9716552092,0.7500003515506479,1.2,0.85,MurphyTam2014 charge-exchange + Langevin elastic,Uses Aubreton1986 context; elastic represented with capture model
15900.0,e-Ar,electron-neutral,4.783387245602535e-20,4.783387245602535e-20,4.783387245602535,4.783387245602535,1.0,1.0,1.0,Milloy1977 + Frost1964,Omega22 assumed equal to Omega11
16100.0,Ar-Ar,neutral-neutral,1.7952625279540075e-19,2.035956665046579e-19,17.952625279540076,20.35956665046579,1.134071832584219,1.15,0.92,Aziz1990_TableI_II + LJ surrogate,HFDTCS2 full scattering integral not yet implemented
16100.0,Ar-Ar+,ion-neutral,1.089329737487914e-14,8.16997679027055e-15,1089329.737487914,816997.679027055,0.7500003450847861,1.2,0.85,MurphyTam2014 charge-exchange + Langevin elastic,Uses Aubreton1986 context; elastic represented with capture model
16100.0,e-Ar,electron-neutral,4.860414278212659e-20,4.860414278212659e-20,4.86041427821266,4.86041427821266,1.0,1.0,1.0,Milloy1977 + Frost1964,Omega22 assumed equal to Omega11
16300.0,Ar-Ar,neutral-neutral,1.791806056689118e-19,2.0322214284703877e-19,17.91806056689118,20.322214284703875,1.1341748851019662,1.15,0.92,Aziz1990_TableI_II + LJ surrogate,HFDTCS2 full scattering integral not yet implemented
16300.0,Ar-Ar+,ion-neutral,1.0826261153274998e-14,8.119699533075994e-15,1082626.1153274998,811969.9533075994,0.7500003388168541,1.2,0.85,MurphyTam2014 charge-exchange + Langevin elastic,Uses Aubreton1986 context; elastic represented with capture model
16300.0,e-Ar,electron-neutral,4.937324340562392e-20,4.937324340562392e-20,4.937324340562392,4.937324340562392,1.0,1.0,1.0,Milloy1977 + Frost1964,Omega22 assumed equal to Omega11
16500.0,Ar-Ar,neutral-neutral,1.788398272217025e-19,2.028538472690856e-19,17.88398272217025,20.28538472690856,1.1342766900440673,1.15,0.92,Aziz1990_TableI_II + LJ surrogate,HFDTCS2 full scattering integral not yet implemented
16500.0,Ar-Ar+,ion-neutral,1.0760447493577173e-14,8.070339200597923e-15,1076044.7493577173,807033.9200597923,0.7500003327384893,1.2,0.85,MurphyTam2014 charge-exchange + Langevin elastic,Uses Aubreton1986 context; elastic represented with capture model
16500.0,e-Ar,electron-neutral,5.01409821974498e-20,5.01409821974498e-20,5.01409821974498,5.01409821974498,1.0,1.0,1.0,Milloy1977 + Frost1964,Omega22 assumed equal to Omega11
16700.0,Ar-Ar,neutral-neutral,1.7850379109426578e-19,2.0249064454073516e-19,17.85037910942658,20.249064454073515,1.1343772773643905,1.15,0.92,Aziz1990_TableI_II + LJ surrogate,HFDTCS2 full scattering integral not yet implemented
16700.0,Ar-Ar+,ion-neutral,1.0695819681507334e-14,8.021868256971255e-15,1069581.9681507335,802186.8256971255,0.7500003268417811,1.2,0.85,MurphyTam2014 charge-exchange + Langevin elastic,Uses Aubreton1986 context; elastic represented with capture model
16700.0,e-Ar,electron-neutral,5.090717494831112e-20,5.090717494831112e-20,5.090717494831113,5.090717494831113,1.0,1.0,1.0,Milloy1977 + Frost1964,Omega22 assumed equal to Omega11
16900.0,Ar-Ar,neutral-neutral,1.7817237567054467e-19,2.0213240449675424e-19,17.817237567054466,20.213240449675425,1.1344766759495515,1.15,0.92,Aziz1990_TableI_II + LJ surrogate,HFDTCS2 full scattering integral not yet implemented
16900.0,Ar-Ar+,ion-neutral,1.063234252804693e-14,7.974260310284925e-15,1063234.252804693,797426.0310284925,0.7500003211192378,1.2,0.85,MurphyTam2014 charge-exchange + Langevin elastic,Uses Aubreton1986 context; elastic represented with capture model
16900.0,e-Ar,electron-neutral,5.16716452295849e-20,5.16716452295849e-20,5.16716452295849,5.16716452295849,1.0,1.0,1.0,Milloy1977 + Frost1964,Omega22 assumed equal to Omega11
17100.0,Ar-Ar,neutral-neutral,1.7784546384620113e-19,2.0177900178973485e-19,17.784546384620114,20.177900178973484,1.1345749136690446,1.15,0.92,Aziz1990_TableI_II + LJ surrogate,HFDTCS2 full scattering integral not yet implemented
17100.0,Ar-Ar+,ion-neutral,1.0569982288922706e-14,7.927490052195311e-15,1056998.2288922707,792749.0052195311,0.7500003155637531,1.2,0.85,MurphyTam2014 charge-exchange + Langevin elastic,Uses Aubreton1986 context; elastic represented with capture model
17100.0,e-Ar,electron-neutral,5.243422424195343e-20,5.243422424195343e-20,5.2434224241953435,5.2434224241953435,1.0,1.0,1.0,Milloy1977 + Frost1964,Omega22 assumed equal to Omega11
17300.0,Ar-Ar,neutral-neutral,1.7752294281076575e-19,2.0143031565786613e-19,17.752294281076576,20.143031565786615,1.1346720174224745,1.15,0.92,Aziz1990_TableI_II + LJ surrogate,HFDTCS2 full scattering integral not yet implemented
17300.0,Ar-Ar+,ion-neutral,1.050870658922619e-14,7.881533201390451e-15,1050870.6589226192,788153.3201390451,0.7500003101685998,1.2,0.85,MurphyTam2014 charge-exchange + Langevin elastic,Uses Aubreton1986 context; elastic represented with capture model
17300.0,e-Ar,electron-neutral,5.3194750653788194e-20,5.3194750653788194e-20,5.319475065378819,5.319475065378819,1.0,1.0,1.0,Milloy1977 + Frost1964,Omega22 assumed equal to Omega11
17500.0,Ar-Ar,neutral-neutral,1.772047038426884e-19,2.0108622970643829e-19,17.72047038426884,20.10862297064383,1.1347680131840656,1.15,0.92,Aziz1990_TableI_II + LJ surrogate,HFDTCS2 full scattering integral not yet implemented
17500.0,Ar-Ar+,ion-neutral,1.0448484352785787e-14,7.836366450618351e-15,1044848.4352785788,783636.6450618351,0.750000304927385,1.2,0.85,MurphyTam2014 charge-exchange + Langevin elastic,Uses Aubreton1986 context; elastic represented with capture model
17500.0,e-Ar,electron-neutral,5.3953070431099034e-20,5.3953070431099034e-20,5.395307043109904,5.395307043109904,1.0,1.0,1.0,Milloy1977 + Frost1964,Omega22 assumed equal to Omega11
17700.0,Ar-Ar,neutral-neutral,1.7689064211638672e-19,2.0074663170212046e-19,17.689064211638673,20.074663170212048,1.1348629260446548,1.15,0.92,Aziz1990_TableI_II + LJ surrogate,HFDTCS2 full scattering integral not yet implemented
17700.0,Ar-Ar+,ion-neutral,1.0389285735939947e-14,7.791967417016585e-15,1038928.5735939948,779196.7417016586,0.7500002998340506,1.2,0.85,MurphyTam2014 charge-exchange + Langevin elastic,Uses Aubreton1986 context; elastic represented with capture model
17700.0,e-Ar,electron-neutral,5.470903666067906e-20,5.470903666067906e-20,5.470903666067907,5.470903666067907,1.0,1.0,1.0,Milloy1977 + Frost1964,Omega22 assumed equal to Omega11
17900.0,Ar-Ar,neutral-neutral,1.7658065652046411e-19,2.0041141337913107e-19,17.65806565204641,20.041141337913107,1.134956780251325,1.15,0.92,Aziz1990_TableI_II + LJ surrogate,HFDTCS2 full scattering integral not yet implemented
17900.0,Ar-Ar+,ion-neutral,1.0331082065392594e-14,7.748314595503184e-15,1033108.2065392594,774831.4595503185,0.7500002948828322,1.2,0.85,MurphyTam2014 charge-exchange + Langevin elastic,Uses Aubreton1986 context; elastic represented with capture model
17900.0,e-Ar,electron-neutral,5.546250936791542e-20,5.546250936791542e-20,5.546250936791543,5.546250936791543,1.0,1.0,1.0,Milloy1977 + Frost1964,Omega22 assumed equal to Omega11
18100.0,Ar-Ar,neutral-neutral,1.762746494863337e-19,2.0008047025648722e-19,17.62746494863337,20.00804702564872,1.1350495992448373,1.15,0.92,Aziz1990_TableI_II + LJ surrogate,HFDTCS2 full scattering integral not yet implemented
18100.0,Ar-Ar+,ion-neutral,1.027384577985507e-14,7.705387315007809e-15,1027384.5779855072,770538.7315007809,0.7500002900682539,1.2,0.85,MurphyTam2014 charge-exchange + Langevin elastic,Uses Aubreton1986 context; elastic represented with capture model
18100.0,e-Ar,electron-neutral,5.621335533056938e-20,5.621335533056938e-20,5.6213355330569375,5.6213355330569375,1.0,1.0,1.0,Milloy1977 + Frost1964,Omega22 assumed equal to Omega11
18300.0,Ar-Ar,neutral-neutral,1.759725268265444e-19,1.9975370146558726e-19,17.59725268265444,19.975370146558724,1.1351414056950144,1.15,0.92,Aziz1990_TableI_II + LJ surrogate,HFDTCS2 full scattering integral not yet implemented
18300.0,Ar-Ar+,ion-neutral,1.0217550375206109e-14,7.663165697341334e-15,1021755.037520611,766316.5697341334,0.7500002853851114,1.2,0.85,MurphyTam2014 charge-exchange + Langevin elastic,Uses Aubreton1986 context; elastic represented with capture model
18300.0,e-Ar,electron-neutral,5.696144788970487e-20,5.696144788970487e-20,5.6961447889704875,5.6961447889704875,1.0,1.0,1.0,Milloy1977 + Frost1964,Omega22 assumed equal to Omega11
18500.0,Ar-Ar,neutral-neutral,1.7567419758216092e-19,1.9943100958743465e-19,17.567419758216094,19.943100958743464,1.1352322215342008,1.15,0.92,Aziz1990_TableI_II + LJ surrogate,HFDTCS2 full scattering integral not yet implemented
18500.0,Ar-Ar+,ion-neutral,1.0162170352921426e-14,7.621630618517595e-15,1016217.0352921427,762163.0618517596,0.7500002808284476,1.2,0.85,MurphyTam2014 charge-exchange + Langevin elastic,Uses Aubreton1986 context; elastic represented with capture model
18500.0,e-Ar,electron-neutral,5.770666675879973e-20,5.770666675879973e-20,5.770666675879973,5.770666675879973,1.0,1.0,1.0,Milloy1977 + Frost1964,Omega22 assumed equal to Omega11
18700.0,Ar-Ar,neutral-neutral,1.753795738785987e-19,1.9911230049886698e-19,17.53795738785987,19.911230049886697,1.1353220679889242,1.15,0.92,Aziz1990_TableI_II + LJ surrogate,HFDTCS2 full scattering integral not yet implemented
18700.0,Ar-Ar+,ion-neutral,1.010768117154497e-14,7.580763672356606e-15,1010768.1171544971,758076.3672356607,0.7500002763935497,1.2,0.85,MurphyTam2014 charge-exchange + Langevin elastic,Uses Aubreton1986 context; elastic represented with capture model
18700.0,e-Ar,electron-neutral,5.844889783196381e-20,5.844889783196381e-20,5.844889783196382,5.844889783196382,1.0,1.0,1.0,Milloy1977 + Frost1964,Omega22 assumed equal to Omega11
18900.0,Ar-Ar,neutral-neutral,1.750885707893605e-19,1.9879748322720175e-19,17.50885707893605,19.879748322720175,1.1354109656098808,1.15,0.92,Aziz1990_TableI_II + LJ surrogate,HFDTCS2 full scattering integral not yet implemented
18900.0,Ar-Ar+,ion-neutral,1.0054059200992296e-14,7.540547136211606e-15,1005405.9200992297,754054.7136211606,0.7500002720759177,1.2,0.85,MurphyTam2014 charge-exchange + Langevin elastic,Uses Aubreton1986 context; elastic represented with capture model
18900.0,e-Ar,electron-neutral,5.91880329920805e-20,5.91880329920805e-20,5.918803299208051,5.918803299208051,1.0,1.0,1.0,Milloy1977 + Frost1964,Omega22 assumed equal to Omega11
19100.0,Ar-Ar,neutral-neutral,1.748011062071624e-19,1.9848646981275338e-19,17.48011062071624,19.848646981275337,1.1354989343003394,1.15,0.92,Aziz1990_TableI_II + LJ surrogate,HFDTCS2 full scattering integral not yet implemented
19100.0,Ar-Ar+,ion-neutral,1.0001281679492623e-14,7.500963938675537e-15,1000128.1679492624,750096.3938675538,0.7500002678712744,1.2,0.85,MurphyTam2014 charge-exchange + Langevin elastic,Uses Aubreton1986 context; elastic represented with capture model
19100.0,e-Ar,electron-neutral,5.992396991958541e-20,5.992396991958541e-20,5.992396991958541,5.992396991958541,1.0,1.0,1.0,Milloy1977 + Frost1964,Omega22 assumed equal to Omega11
19300.0,Ar-Ar,neutral-neutral,1.7451710072197724e-19,1.9817917517871935e-19,17.451710072197724,19.817917517871933,1.1355859933430714,1.15,0.92,Aziz1990_TableI_II + LJ surrogate,HFDTCS2 full scattering integral not yet implemented
19300.0,Ar-Ar+,ion-neutral,9.949326672991379e-15,7.461997629132503e-15,994932.6672991379,746199.7629132504,0.7500002637755353,1.2,0.85,MurphyTam2014 charge-exchange + Langevin elastic,Uses Aubreton1986 context; elastic represented with capture model
19300.0,e-Ar,electron-neutral,6.06566119025102e-20,6.06566119025102e-20,6.06566119025102,6.06566119025102,1.0,1.0,1.0,Milloy1977 + Frost1964,Omega22 assumed equal to Omega11
19500.0,Ar-Ar,neutral-neutral,1.7423647750555478e-19,1.9787551700796726e-19,17.423647750555478,19.787551700796726,1.1356721614258922,1.15,0.92,Aziz1990_TableI_II + LJ surrogate,HFDTCS2 full scattering integral not yet implemented
19500.0,Ar-Ar+,ion-neutral,9.898173036848859e-15,7.423632349031593e-15,989817.303684886,742363.2349031594,0.7500002597848047,1.2,0.85,MurphyTam2014 charge-exchange + Langevin elastic,Uses Aubreton1986 context; elastic represented with capture model
19500.0,e-Ar,electron-neutral,6.138586764833977e-20,6.138586764833977e-20,6.138586764833978,6.138586764833978,1.0,1.0,1.0,Milloy1977 + Frost1964,Omega22 assumed equal to Omega11
19700.0,Ar-Ar,neutral-neutral,1.7395916220201387e-19,1.9757541562629066e-19,17.395916220201386,19.757541562629065,1.1357574566659037,1.15,0.92,Aziz1990_TableI_II + LJ surrogate,HFDTCS2 full scattering integral not yet implemented
19700.0,Ar-Ar+,ion-neutral,9.847800379682986e-15,7.385852804768719e-15,984780.0379682987,738585.2804768719,0.7500002558953657,1.2,0.85,MurphyTam2014 charge-exchange + Langevin elastic,Uses Aubreton1986 context; elastic represented with capture model
19700.0,e-Ar,electron-neutral,6.211165109815136e-20,6.211165109815136e-20,6.211165109815136,6.211165109815136,1.0,1.0,1.0,Milloy1977 + Frost1964,Omega22 assumed equal to Omega11
19900.0,Ar-Ar,neutral-neutral,1.736850828241282e-19,1.9727879389173262e-19,17.368508282412822,19.72787938917326,1.1358418966325114,1.15,0.92,Aziz1990_TableI_II + LJ surrogate,HFDTCS2 full scattering integral not yet implemented
19900.0,Ar-Ar+,ion-neutral,9.798189029215966e-15,7.348644242071318e-15,979818.9029215967,734864.4242071318,0.7500002521036628,1.2,0.85,MurphyTam2014 charge-exchange + Langevin elastic,Uses Aubreton1986 context; elastic represented with capture model
19900.0,e-Ar,electron-neutral,6.283388124344794e-20,6.283388124344794e-20,6.283388124344794,6.283388124344794,1.0,1.0,1.0,Milloy1977 + Frost1964,Omega22 assumed equal to Omega11
20100.0,Ar-Ar,neutral-neutral,1.7341416965495556e-19,1.96985577089603e-19,17.341416965495554,19.6985577089603,1.1359254983692957,1.15,0.92,Aziz1990_TableI_II + LJ surrogate,HFDTCS2 full scattering integral not yet implemented
20100.0,Ar-Ar+,ion-neutral,9.749319999994314e-15,7.311992421788351e-15,974931.9999994314,731199.2421788352,0.750000248406311,1.2,0.85,MurphyTam2014 charge-exchange + Langevin elastic,Uses Aubreton1986 context; elastic represented with capture model
20100.0,e-Ar,electron-neutral,6.355248194602646e-20,6.355248194602646e-20,6.3552481946026464,6.3552481946026464,1.0,1.0,1.0,Milloy1977 + Frost1964,Omega22 assumed equal to Omega11
20300.0,Ar-Ar,neutral-neutral,1.7314635515448589e-19,1.9669569283284461e-19,17.31463551544859,19.66956928328446,1.1360082784147976,1.15,0.92,Aziz1990_TableI_II + LJ surrogate,HFDTCS2 full scattering integral not yet implemented
20300.0,Ar-Ar+,ion-neutral,9.701174962863018e-15,7.275883596995509e-15,970117.4962863019,727588.359699551,0.7500002448000633,1.2,0.85,MurphyTam2014 charge-exchange + Langevin elastic,Uses Aubreton1986 context; elastic represented with capture model
20300.0,e-Ar,electron-neutral,6.426738176117995e-20,6.426738176117995e-20,6.426738176117995,6.426738176117995,1.0,1.0,1.0,Milloy1977 + Frost1964,Omega22 assumed equal to Omega11
20500.0,Ar-Ar,neutral-neutral,1.7288157387100418e-19,1.9640907096742462e-19,17.28815738710042,19.640907096742463,1.1360902528222905,1.15,0.92,Aziz1990_TableI_II + LJ surrogate,HFDTCS2 full scattering integral not yet implemented
20500.0,Ar-Ar+,ion-neutral,9.65373621608121e-15,7.240304491331946e-15,965373.6216081211,724030.4491331946,0.7500002412818194,1.2,0.85,MurphyTam2014 charge-exchange + Langevin elastic,Uses Aubreton1986 context; elastic represented with capture model
20500.0,e-Ar,electron-neutral,6.4978513764473e-20,6.4978513764473e-20,6.4978513764473,6.4978513764473,1.0,1.0,1.0,Milloy1977 + Frost1964,Omega22 assumed equal to Omega11
20700.0,Ar-Ar,neutral-neutral,1.7261976235688777e-19,1.9612564348245248e-19,17.261976235688778,19.612564348245247,1.1361714371785936,1.15,0.92,Aziz1990_TableI_II + LJ surrogate,HFDTCS2 full scattering integral not yet implemented
20700.0,Ar-Ar+,ion-neutral,9.606986657976656e-15,7.205242278490988e-15,960698.6657976657,720524.2278490989,0.7500002378486176,1.2,0.85,MurphyTam2014 charge-exchange + Langevin elastic,Uses Aubreton1986 context; elastic represented with capture model
20700.0,e-Ar,electron-neutral,6.568581538229554e-20,6.568581538229554e-20,6.568581538229555,6.568581538229555,1.0,1.0,1.0,Milloy1977 + Frost1964,Omega22 assumed equal to Omega11
20900.0,Ar-Ar,neutral-neutral,1.7236085908857516e-19,1.9584534442474396e-19,17.236085908857515,19.584534442474396,1.1362518466219773,1.15,0.92,Aziz1990_TableI_II + LJ surrogate,HFDTCS2 full scattering integral not yet implemented
20900.0,Ar-Ar+,ion-neutral,9.560909761043219e-15,7.170684562792925e-15,956090.976104322,717068.4562792926,0.7500002344976123,1.2,0.85,MurphyTam2014 charge-exchange + Langevin elastic,Uses Aubreton1986 context; elastic represented with capture model
20900.0,e-Ar,electron-neutral,6.63892282263551e-20,6.63892282263551e-20,6.638922822635511,6.638922822635511,1.0,1.0,1.0,Milloy1977 + Frost1964,Omega22 assumed equal to Omega11
21100.0,Ar-Ar,neutral-neutral,1.7210480439046193e-19,1.955681098175729e-19,17.210480439046194,19.55681098175729,1.136331495859225,1.15,0.92,Aziz1990_TableI_II + LJ surrogate,HFDTCS2 full scattering integral not yet implemented
21100.0,Ar-Ar+,ion-neutral,9.515489547391473e-15,7.13661936077304e-15,951548.9547391474,713661.936077304,0.7500002312260892,1.2,0.85,MurphyTam2014 charge-exchange + Langevin elastic,Uses Aubreton1986 context; elastic represented with capture model
21100.0,e-Ar,electron-neutral,6.70886979322359e-20,6.70886979322359e-20,6.70886979322359,6.70886979322359,1.0,1.0,1.0,Milloy1977 + Frost1964,Omega22 assumed equal to Omega11
21300.0,Ar-Ar,neutral-neutral,1.7185154036249612e-19,1.9529387758336555e-19,17.185154036249614,19.529387758336554,1.1364103991818821,1.15,0.92,Aziz1990_TableI_II + LJ surrogate,HFDTCS2 full scattering integral not yet implemented
21300.0,Ar-Ar+,ion-neutral,9.47071056547051e-15,7.1030350837227e-15,947071.0565470511,710303.50837227,0.7500002280314452,1.2,0.85,MurphyTam2014 charge-exchange + Langevin elastic,Uses Aubreton1986 context; elastic represented with capture model
21300.0,e-Ar,electron-neutral,6.778417400212105e-20,6.778417400212105e-20,6.778417400212105,6.778417400212105,1.0,1.0,1.0,Milloy1977 + Frost1964,Omega22 assumed equal to Omega11
21500.0,Ar-Ar,neutral-neutral,1.7160101081126023e-19,1.9502258747011348e-19,17.160101081126022,19.50225874701135,1.136488570481756,1.15,0.92,Aziz1990_TableI_II + LJ surrogate,HFDTCS2 full scattering integral not yet implemented
21500.0,Ar-Ar+,ion-neutral,9.426557867983372e-15,7.069920521125808e-15,942655.7867983372,706992.0521125809,0.7500002249111827,1.2,0.85,MurphyTam2014 charge-exchange + Langevin elastic,Uses Aubreton1986 context; elastic represented with capture model
21500.0,e-Ar,electron-neutral,6.847560965174801e-20,6.847560965174801e-20,6.847560965174801,6.847560965174801,1.0,1.0,1.0,Milloy1977 + Frost1964,Omega22 assumed equal to Omega11
21700.0,Ar-Ar,neutral-neutral,1.7135316118434095e-19,1.9475418098129148e-19,17.135316118434094,19.475418098129147,1.1365660232656916,1.15,0.92,Aziz1990_TableI_II + LJ surrogate,HFDTCS2 full scattering integral not yet implemented
21700.0,Ar-Ar+,ion-neutral,9.383016990924611e-15,7.03726482493693e-15,938301.6990924611,703726.482493693,0.7500002218629118,1.2,0.85,MurphyTam2014 charge-exchange + Langevin elastic,Uses Aubreton1986 context; elastic represented with capture model
21700.0,e-Ar,electron-neutral,6.916296166164161e-20,6.916296166164161e-20,6.9162961661641615,6.9162961661641615,1.0,1.0,1.0,Milloy1977 + Frost1964,Omega22 assumed equal to Omega11
21900.0,Ar-Ar,neutral-neutral,1.7110793850780187e-19,1.9448860130908438e-19,17.110793850780187,19.44886013090844,1.1366427706696756,1.15,0.92,Aziz1990_TableI_II + LJ surrogate,HFDTCS2 full scattering integral not yet implemented
21900.0,Ar-Ar+,ion-neutral,9.340073933673192e-15,7.005057494650797e-15,934007.3933673193,700505.7494650797,0.7500002188843383,1.2,0.85,MurphyTam2014 charge-exchange + Langevin elastic,Uses Aubreton1986 context; elastic represented with capture model
21900.0,e-Ar,electron-neutral,6.984619023264758e-20,6.984619023264758e-20,6.9846190232647585,6.9846190232647585,1.0,1.0,1.0,Milloy1977 + Frost1964,Omega22 assumed equal to Omega11
22100.0,Ar-Ar,neutral-neutral,1.7086529132658456e-19,1.9422579327073686e-19,17.086529132658455,19.422579327073688,1.136718825472296,1.15,0.92,Aziz1990_TableI_II + LJ surrogate,HFDTCS2 full scattering integral not yet implemented
22100.0,Ar-Ar+,ion-neutral,9.297715140078507e-15,6.973288363116732e-15,929771.5140078508,697328.8363116733,0.7500002159732603,1.2,0.85,MurphyTam2014 charge-exchange + Langevin elastic,Uses Aubreton1986 context; elastic represented with capture model
22100.0,e-Ar,electron-neutral,7.052525884577144e-20,7.052525884577144e-20,7.052525884577145,7.052525884577145,1.0,1.0,1.0,Milloy1977 + Frost1964,Omega22 assumed equal to Omega11
22300.0,Ar-Ar,neutral-neutral,1.706251696476764e-19,1.9396570324785413e-19,17.062516964767642,19.39657032478541,1.1367942001076017,1.15,0.92,Aziz1990_TableI_II + LJ surrogate,HFDTCS2 full scattering integral not yet implemented
22300.0,Ar-Ar+,ion-neutral,9.255927480481492e-15,6.941947583054411e-15,925592.7480481492,694194.7583054411,0.7500002131275657,1.2,0.85,MurphyTam2014 charge-exchange + Langevin elastic,Uses Aubreton1986 context; elastic represented with capture model
22300.0,e-Ar,electron-neutral,7.12001341263114e-20,7.12001341263114e-20,7.12001341263114,7.12001341263114,1.0,1.0,1.0,Milloy1977 + Frost1964,Omega22 assumed equal to Omega11
22500.0,Ar-Ar,neutral-neutral,1.7038752488589346e-19,1.9370827912849106e-19,17.038752488589346,19.370827912849105,1.1368689066773827,1.15,0.92,Aziz1990_TableI_II + LJ surrogate,HFDTCS2 full scattering integral not yet implemented
22500.0,Ar-Ar+,ion-neutral,9.214698234616636e-15,6.911025614230292e-15,921469.8234616637,691102.5614230292,0.7500002103452295,1.2,0.85,MurphyTam2014 charge-exchange + Langevin elastic,Uses Aubreton1986 context; elastic represented with capture model
22500.0,e-Ar,electron-neutral,7.18707857122577e-20,7.18707857122577e-20,7.18707857122577,7.18707857122577,1.0,1.0,1.0,Milloy1977 + Frost1964,Omega22 assumed equal to Omega11
22700.0,Ar-Ar,neutral-neutral,1.7015230981213502e-19,1.9345347025187839e-19,17.015230981213502,19.345347025187838,1.1369429569629126,1.15,0.92,Aziz1990_TableI_II + LJ surrogate,HFDTCS2 full scattering integral not yet implemented
22700.0,Ar-Ar+,ion-neutral,9.174015075344547e-15,6.880513211256868e-15,917401.5075344547,688051.3211256869,0.7500002076243,1.2,0.85,MurphyTam2014 charge-exchange + Langevin elastic,Uses Aubreton1986 context; elastic represented with capture model
22700.0,e-Ar,electron-neutral,7.253718612691941e-20,7.253718612691941e-20,7.253718612691942,7.253718612691942,1.0,1.0,1.0,Milloy1977 + Frost1964,Omega22 assumed equal to Omega11
22900.0,Ar-Ar,neutral-neutral,1.6991947850397723e-19,1.932012273556438e-19,16.99194785039772,19.32012273556438,1.1370163624361738,1.15,0.92,Aziz1990_TableI_II + LJ surrogate,HFDTCS2 full scattering integral not yet implemented
22900.0,Ar-Ar+,ion-neutral,9.133866053167367e-15,6.850401411979253e-15,913386.6053167367,685040.1411979253,0.7500002049629058,1.2,0.85,MurphyTam2014 charge-exchange + Langevin elastic,Uses Aubreton1986 context; elastic represented with capture model
22900.0,e-Ar,electron-neutral,7.319931065572865e-20,7.319931065572865e-20,7.319931065572866,7.319931065572866,1.0,1.0,1.0,Milloy1977 + Frost1964,Omega22 assumed equal to Omega11
23100.0,Ar-Ar,neutral-neutral,1.696889862984808e-19,1.929515025253944e-19,16.96889862984808,19.29515025253944,1.137089134270595,1.15,0.92,Aziz1990_TableI_II + LJ surrogate,HFDTCS2 full scattering integral not yet implemented
23100.0,Ar-Ar+,ion-neutral,9.0942395814834e-15,6.820681526416063e-15,909423.9581483401,682068.1526416063,0.7500002023592512,1.2,0.85,MurphyTam2014 charge-exchange + Langevin elastic,Uses Aubreton1986 context; elastic represented with capture model
23100.0,e-Ar,electron-neutral,7.385713722716336e-20,7.385713722716336e-20,7.3857137227163365,7.3857137227163365,1.0,1.0,1.0,Milloy1977 + Frost1964,Omega22 assumed equal to Omega11
23300.0,Ar-Ar,neutral-neutral,1.6946078974709432e-19,1.9270424914653612e-19,16.946078974709433,19.270424914653614,1.1371612833513327,1.15,0.92,Aziz1990_TableI_II + LJ surrogate,HFDTCS2 full scattering integral not yet implemented
23300.0,Ar-Ar+,ion-neutral,9.055124422539374e-15,6.791345126223415e-15,905512.4422539374,679134.5126223415,0.7500001998115984,1.2,0.85,MurphyTam2014 charge-exchange + Langevin elastic,Uses Aubreton1986 context; elastic represented with capture model
23300.0,e-Ar,electron-neutral,7.450965032423406e-20,7.450965032423406e-20,7.450965032423406,7.450965032423406,1.0,1.0,1.0,Milloy1977 + Frost1964,Omega22 assumed equal to Omega11
23500.0,Ar-Ar,neutral-neutral,1.6923484657254453e-19,1.9245942185821148e-19,16.923484657254452,19.24594218582115,1.1372328202851028,1.15,0.92,Aziz1990_TableI_II + LJ surrogate,HFDTCS2 full scattering integral not yet implemented
23500.0,Ar-Ar+,ion-neutral,9.016509674041399e-15,6.76238403465326e-15,901650.9674041399,676238.4034653261,0.7500001973182834,1.2,0.85,MurphyTam2014 charge-exchange + Langevin elastic,Uses Aubreton1986 context; elastic represented with capture model
23500.0,e-Ar,electron-neutral,7.515703637429565e-20,7.515703637429565e-20,7.515703637429565,7.515703637429565,1.0,1.0,1.0,Milloy1977 + Frost1964,Omega22 assumed equal to Omega11
23700.0,Ar-Ar,neutral-neutral,1.6901111562760838e-19,1.9221697650924636e-19,16.90111156276084,19.221697650924636,1.1373037554096073,1.15,0.92,Aziz1990_TableI_II + LJ surrogate,HFDTCS2 full scattering integral not yet implemented
23700.0,Ar-Ar+,ion-neutral,8.978384756388925e-15,6.7337903169787574e-15,897838.4756388926,673379.0316978758,0.7500001948777103,1.2,0.85,MurphyTam2014 charge-exchange + Langevin elastic,Uses Aubreton1986 context; elastic represented with capture model
23700.0,e-Ar,electron-neutral,7.580341862883852e-20,7.580341862883852e-20,7.580341862883853,7.580341862883853,1.0,1.0,1.0,Milloy1977 + Frost1964,Omega22 assumed equal to Omega11
23900.0,Ar-Ar,neutral-neutral,1.6878955685567077e-19,1.9197687011600163e-19,16.878955685567078,19.197687011600163,1.1373740988025578,1.15,0.92,Aziz1990_TableI_II + LJ surrogate,HFDTCS2 full scattering integral not yet implemented
23900.0,Ar-Ar+,ion-neutral,8.940739400497566e-15,6.705556271361293e-15,894073.9400497567,670555.6271361293,0.7500001924883436,1.2,0.85,MurphyTam2014 charge-exchange + Langevin elastic,Uses Aubreton1986 context; elastic represented with capture model
23900.0,e-Ar,electron-neutral,7.644284644683689e-20,7.644284644683689e-20,7.6442846446836885,7.6442846446836885,1.0,1.0,1.0,Milloy1977 + Frost1964,Omega22 assumed equal to Omega11
24100.0,Ar-Ar,neutral-neutral,1.685701312529757e-19,1.9173906082203214e-19,16.85701312529757,19.173906082203214,1.1374438602903292,1.15,0.92,Aziz1990_TableI_II + LJ surrogate,HFDTCS2 full scattering integral not yet implemented
24100.0,Ar-Ar+,ion-neutral,8.903563636178784e-15,6.677674420135087e-15,890356.3636178784,667767.4420135088,0.7500001901486942,1.2,0.85,MurphyTam2014 charge-exchange + Langevin elastic,Uses Aubreton1986 context; elastic represented with capture model
24100.0,e-Ar,electron-neutral,7.707862668893622e-20,7.707862668893622e-20,7.707862668893623,7.707862668893623,1.0,1.0,1.0,Milloy1977 + Frost1964,Omega22 assumed equal to Omega11
24300.0,Ar-Ar,neutral-neutral,1.683528008324854e-19,1.9150350785946114e-19,16.83528008324854,19.150350785946113,1.1375130494562498,1.15,0.92,Aziz1990_TableI_II + LJ surrogate,HFDTCS2 full scattering integral not yet implemented
24300.0,Ar-Ar+,ion-neutral,8.866847781046518e-15,6.650137501487345e-15,886684.7781046518,665013.7501487345,0.7500001878573421,1.2,0.85,MurphyTam2014 charge-exchange + Langevin elastic,Uses Aubreton1986 context; elastic represented with capture model
24300.0,e-Ar,electron-neutral,7.771178586435714e-20,7.771178586435714e-20,7.771178586435715,7.771178586435715,1.0,1.0,1.0,Milloy1977 + Frost1964,Omega22 assumed equal to Omega11
24500.0,Ar-Ar,neutral-neutral,1.681375285892654e-19,1.9127017151198427e-19,16.81375285892654,19.127017151198427,1.1375816756485604,1.15,0.92,Aziz1990_TableI_II + LJ surrogate,HFDTCS2 full scattering integral not yet implemented
24500.0,Ar-Ar+,ion-neutral,8.830582429923302e-15,6.6229384615125175e-15,883058.2429923302,662293.8461512518,0.7500001856129032,1.2,0.85,MurphyTam2014 charge-exchange + Langevin elastic,Uses Aubreton1986 context; elastic represented with capture model
24500.0,e-Ar,electron-neutral,7.833767547793314e-20,7.833767547793314e-20,7.833767547793315,7.833767547793315,1.0,1.0,1.0,Milloy1977 + Frost1964,Omega22 assumed equal to Omega11
24700.0,Ar-Ar,neutral-neutral,1.6792427846732027e-19,1.9103901307942061e-19,16.79242784673203,19.10390130794206,1.1376497479880416,1.15,0.92,Aziz1990_TableI_II + LJ surrogate,HFDTCS2 full scattering integral not yet implemented
24700.0,Ar-Ar+,ion-neutral,8.794758444718737e-15,6.596070446621367e-15,879475.8444718737,659607.0446621367,0.7500001834140556,1.2,0.85,MurphyTam2014 charge-exchange + Langevin elastic,Uses Aubreton1986 context; elastic represented with capture model
24700.0,e-Ar,electron-neutral,7.896044311116339e-20,7.896044311116339e-20,7.896044311116339,7.896044311116339,1.0,1.0,1.0,Milloy1977 + Frost1964,Omega22 assumed equal to Omega11
24900.0,Ar-Ar,neutral-neutral,1.6771301532780723e-19,1.9080999484373548e-19,16.771301532780722,19.080999484373546,1.13771727537534,1.15,0.92,Aziz1990_TableI_II + LJ surrogate,HFDTCS2 full scattering integral not yet implemented
24900.0,Ar-Ar+,ion-neutral,8.759366944756308e-15,6.5695267962858755e-15,875936.6944756309,656952.6796285876,0.7500001812595196,1.2,0.85,MurphyTam2014 charge-exchange + Langevin elastic,Uses Aubreton1986 context; elastic represented with capture model
24900.0,e-Ar,electron-neutral,7.957963541926169e-20,7.957963541926169e-20,7.95796354192617,7.95796354192617,1.0,1.0,1.0,Milloy1977 + Frost1964,Omega22 assumed equal to Omega11
25100.0,Ar-Ar,neutral-neutral,1.6750370491856025e-19,1.9058308003646168e-19,16.750370491856025,19.058308003646168,1.1377842664980011,1.15,0.92,Aziz1990_TableI_II + LJ surrogate,HFDTCS2 full scattering integral not yet implemented
25100.0,Ar-Ar+,ion-neutral,8.724399297524764e-15,6.5433010361027955e-15,872439.9297524764,654330.1036102796,0.7500001791480616,1.2,0.85,MurphyTam2014 charge-exchange + Langevin elastic,Uses Aubreton1986 context; elastic represented with capture model
25100.0,e-Ar,electron-neutral,8.01934838182521e-20,8.01934838182521e-20,8.01934838182521,8.01934838182521,1.0,1.0,1.0,Milloy1977 + Frost1964,Omega22 assumed equal to Omega11
25300.0,Ar-Ar,neutral-neutral,1.6729631384486055e-19,1.903582328074511e-19,16.729631384486055,19.03582328074511,1.1378507298372196,1.15,0.92,Aziz1990_TableI_II + LJ surrogate,HFDTCS2 full scattering integral not yet implemented
25300.0,Ar-Ar+,ion-neutral,8.689847109832535e-15,6.517386871159463e-15,868984.7109832537,651738.6871159463,0.7500001770784965,1.2,0.85,MurphyTam2014 charge-exchange + Langevin elastic,Uses Aubreton1986 context; elastic represented with capture model
25300.0,e-Ar,electron-neutral,8.080446976738642e-20,8.080446976738642e-20,8.080446976738642,8.080446976738642,1.0,1.0,1.0,Milloy1977 + Frost1964,Omega22 assumed equal to Omega11
25500.0,Ar-Ar,neutral-neutral,1.6709080954139299e-19,1.9013541819489288e-19,16.7090809541393,19.013541819489287,1.1379166736743298,1.15,0.92,Aziz1990_TableI_II + LJ surrogate,HFDTCS2 full scattering integral not yet implemented
25500.0,Ar-Ar+,ion-neutral,8.655702219344531e-15,6.491778179686233e-15,865570.2219344531,649177.8179686234,0.7500001750496721,1.2,0.85,MurphyTam2014 charge-exchange + Langevin elastic,Uses Aubreton1986 context; elastic represented with capture model
25500.0,e-Ar,electron-neutral,8.140846875042852e-20,8.140846875042852e-20,8.140846875042852,8.140846875042852,1.0,1.0,1.0,Milloy1977 + Frost1964,Omega22 assumed equal to Omega11
25700.0,Ar-Ar,neutral-neutral,1.6688716024533172e-19,1.8991460209653647e-19,16.68871602453317,18.99146020965365,1.137982106097038,1.15,0.92,Aziz1990_TableI_II + LJ surrogate,HFDTCS2 full scattering integral not yet implemented
25700.0,Ar-Ar+,ion-neutral,8.62195668648165e-15,6.466469006981251e-15,862195.6686481651,646646.9006981251,0.7500001730604858,1.2,0.85,MurphyTam2014 charge-exchange + Langevin elastic,Uses Aubreton1986 context; elastic represented with capture model
25700.0,e-Ar,electron-neutral,8.200951657599022e-20,8.200951657599022e-20,8.200951657599022,8.200951657599022,1.0,1.0,1.0,Milloy1977 + Frost1964,Omega22 assumed equal to Omega11
25900.0,Ar-Ar,neutral-neutral,1.6668533497050044e-19,1.8969575124206277e-19,16.668533497050046,18.969575124206276,1.138047035005417,1.15,0.92,Aziz1990_TableI_II + LJ surrogate,HFDTCS2 full scattering integral not yet implemented
25900.0,Ar-Ar+,ion-neutral,8.588602786665288e-15,6.4414535595936735e-15,858860.2786665289,644145.3559593674,0.7500001711098702,1.2,0.85,MurphyTam2014 charge-exchange + Langevin elastic,Uses Aubreton1986 context; elastic represented with capture model
25900.0,e-Ar,electron-neutral,8.260684018349295e-20,8.260684018349295e-20,8.260684018349295,8.260684018349295,1.0,1.0,1.0,Milloy1977 + Frost1964,Omega22 assumed equal to Omega11
26100.0,Ar-Ar,neutral-neutral,1.6648530348255756e-19,1.894788331665492e-19,16.648530348255754,18.94788331665492,1.1381114681176687,1.15,0.92,Aziz1990_TableI_II + LJ surrogate,HFDTCS2 full scattering integral not yet implemented
26100.0,Ar-Ar+,ion-neutral,8.555633002889198e-15,6.416726199752521e-15,855563.3002889198,641672.6199752522,0.7500001691967879,1.2,0.85,MurphyTam2014 charge-exchange + Langevin elastic,Uses Aubreton1986 context; elastic represented with capture model
26100.0,e-Ar,electron-neutral,8.319815619563408e-20,8.319815619563408e-20,8.319815619563409,8.319815619563409,1.0,1.0,1.0,Milloy1977 + Frost1964,Omega22 assumed equal to Omega11
26300.0,Ar-Ar,neutral-neutral,1.662870362751572e-19,1.8926381618497673e-19,16.62870362751572,18.926381618497672,1.138175412975667,1.15,0.92,Aziz1990_TableI_II + LJ surrogate,HFDTCS2 full scattering integral not yet implemented
26300.0,Ar-Ar+,ion-neutral,8.523040018602563e-15,6.392281440029066e-15,852304.0018602563,639228.1440029066,0.750000167320245,1.2,0.85,MurphyTam2014 charge-exchange + Langevin elastic,Uses Aubreton1986 context; elastic represented with capture model
26300.0,e-Ar,electron-neutral,8.378619629762556e-20,8.378619629762556e-20,8.378619629762557,8.378619629762557,1.0,1.0,1.0,Milloy1977 + Frost1964,Omega22 assumed equal to Omega11
26500.0,Ar-Ar,neutral-neutral,1.660905045470407e-19,1.8905066936773097e-19,16.609050454704068,18.905066936773096,1.138238876950292,1.15,0.92,Aziz1990_TableI_II + LJ surrogate,HFDTCS2 full scattering integral not yet implemented
26500.0,Ar-Ar+,ion-neutral,8.490816710889124e-15,6.368113938221092e-15,849081.6710889124,636811.3938221092,0.7500001654792816,1.2,0.85,MurphyTam2014 charge-exchange + Langevin elastic,Uses Aubreton1986 context; elastic represented with capture model
26500.0,e-Ar,electron-neutral,8.436965342032131e-20,8.436965342032131e-20,8.436965342032131,8.436965342032131,1.0,1.0,1.0,Milloy1977 + Frost1964,Omega22 assumed equal to Omega11
26700.0,Ar-Ar,neutral-neutral,1.65895680180016e-19,1.8883936251705114e-19,16.5895680180016,18.883936251705116,1.1383018672465648,1.15,0.92,Aziz1990_TableI_II + LJ surrogate,HFDTCS2 full scattering integral not yet implemented
26700.0,Ar-Ar+,ion-neutral,8.458956143927983e-15,6.3442184924483985e-15,845895.6143927983,634421.8492448399,0.7500001636729625,1.2,0.85,MurphyTam2014 charge-exchange + Langevin elastic,Uses Aubreton1986 context; elastic represented with capture model
26700.0,e-Ar,electron-neutral,8.494849301040146e-20,8.494849301040146e-20,8.494849301040146,8.494849301040146,1.0,1.0,1.0,Milloy1977 + Frost1964,Omega22 assumed equal to Omega11
26900.0,Ar-Ar,neutral-neutral,1.6570253571778382e-19,1.886298661443833e-19,16.57025357177838,18.86298661443833,1.1383643909085868,1.15,0.92,Aziz1990_TableI_II + LJ surrogate,HFDTCS2 full scattering integral not yet implemented
26900.0,Ar-Ar+,ion-neutral,8.427451562722021e-15,6.3205900364492144e-15,842745.1562722021,632059.0036449215,0.7500001619003904,1.2,0.85,MurphyTam2014 charge-exchange + Langevin elastic,Uses Aubreton1986 context; elastic represented with capture model
26900.0,e-Ar,electron-neutral,8.552372871379575e-20,8.552372871379575e-20,8.552372871379575,8.552372871379575,1.0,1.0,1.0,Milloy1977 + Frost1964,Omega22 assumed equal to Omega11
27100.0,Ar-Ar,neutral-neutral,1.6551104434557197e-19,1.8842215144859713e-19,16.551104434557196,18.84221514485971,1.1384264548243008,1.15,0.92,Aziz1990_TableI_II + LJ surrogate,HFDTCS2 full scattering integral not yet implemented
27100.0,Ar-Ar+,ion-neutral,8.39629638708156e-15,6.297223635067846e-15,839629.6387081561,629722.3635067847,0.7500001601606964,1.2,0.85,MurphyTam2014 charge-exchange + Langevin elastic,Uses Aubreton1986 context; elastic represented with capture model
27100.0,e-Ar,electron-neutral,8.609351970393105e-20,8.609351970393105e-20,8.609351970393107,8.609351970393107,1.0,1.0,1.0,Milloy1977 + Frost1964,Omega22 assumed equal to Omega11
27300.0,Ar-Ar,neutral-neutral,1.6532117987054144e-19,1.882161902950268e-19,16.532117987054143,18.82161902950268,1.1384880657300767,1.15,0.92,Aziz1990_TableI_II + LJ surrogate,HFDTCS2 full scattering integral not yet implemented
27300.0,Ar-Ar+,ion-neutral,8.365484205850898e-15,6.274114479924561e-15,836548.4205850898,627411.4479924561,0.750000158453038,1.2,0.85,MurphyTam2014 charge-exchange + Langevin elastic,Uses Aubreton1986 context; elastic represented with capture model
27300.0,e-Ar,electron-neutral,8.665979591572266e-20,8.665979591572266e-20,8.665979591572267,8.665979591572267,1.0,1.0,1.0,Milloy1977 + Frost1964,Omega22 assumed equal to Omega11
27500.0,Ar-Ar,neutral-neutral,1.6513291670292944e-19,1.8801195519529893e-19,16.513291670292944,18.80119551952989,1.1385492302151266,1.15,0.92,Aziz1990_TableI_II + LJ surrogate,HFDTCS2 full scattering integral not yet implemented
27500.0,Ar-Ar+,ion-neutral,8.335008771366105e-15,6.251257885258918e-15,833500.8771366106,625125.7885258918,0.7500001567766004,1.2,0.85,MurphyTam2014 charge-exchange + Langevin elastic,Uses Aubreton1986 context; elastic represented with capture model
27500.0,e-Ar,electron-neutral,8.722221805640998e-20,8.722221805640998e-20,8.722221805640999,8.722221805640999,1.0,1.0,1.0,Milloy1977 + Frost1964,Omega22 assumed equal to Omega11
27700.0,Ar-Ar,neutral-neutral,1.649462298378968e-19,1.8780941928791333e-19,16.494622983789682,18.780941928791332,1.138609954725765,1.15,0.92,Aziz1990_TableI_II + LJ surrogate,HFDTCS2 full scattering integral not yet implemented
27700.0,Ar-Ar+,ion-neutral,8.3048639941333e-15,6.228649283938494e-15,830486.39941333,622864.9283938494,0.7500001551305981,1.2,0.85,MurphyTam2014 charge-exchange + Langevin elastic,Uses Aubreton1986 context; elastic represented with capture model
27700.0,e-Ar,electron-neutral,8.777860136960887e-20,8.777860136960887e-20,8.777860136960888,8.777860136960888,1.0,1.0,1.0,Milloy1977 + Frost1964,Omega22 assumed equal to Omega11
27900.0,Ar-Ar,neutral-neutral,1.647610948380481e-19,1.87608556319542e-19,16.476109483804812,18.7608556319542,1.1386702455695126,1.15,0.92,Aziz1990_TableI_II + LJ surrogate,HFDTCS2 full scattering integral not yet implemented
27900.0,Ar-Ar+,ion-neutral,8.275043937717276e-15,6.206284223625302e-15,827504.3937717277,620628.4223625303,0.750000153514272,1.2,0.85,MurphyTam2014 charge-exchange + Langevin elastic,Uses Aubreton1986 context; elastic represented with capture model
27900.0,e-Ar,electron-neutral,8.833224225924853e-20,8.833224225924853e-20,8.833224225924853,8.833224225924853,1.0,1.0,1.0,Milloy1977 + Frost1964,Omega22 assumed equal to Omega11
28100.0,Ar-Ar,neutral-neutral,1.6457748781659556e-19,1.8740934062701593e-19,16.457748781659557,18.740934062701594,1.1387301089190527,1.15,0.92,Aziz1990_TableI_II + LJ surrogate,HFDTCS2 full scattering integral not yet implemented
28100.0,Ar-Ar+,ion-neutral,8.245542813830412e-15,6.1841583630924075e-15,824554.2813830413,618415.8363092408,0.7500001519268805,1.2,0.85,MurphyTam2014 charge-exchange + Langevin elastic,Uses Aubreton1986 context; elastic represented with capture model
28100.0,e-Ar,electron-neutral,8.888189049244705e-20,8.888189049244705e-20,8.888189049244705,8.888189049244705,1.0,1.0,1.0,Milloy1977 + Frost1964,Omega22 assumed equal to Omega11
28300.0,Ar-Ar,neutral-neutral,1.6439538542113773e-19,1.8721174711996953e-19,16.439538542113773,18.721174711996955,1.1387895508160542,1.15,0.92,Aziz1990_TableI_II + LJ surrogate,HFDTCS2 full scattering integral not yet implemented
28300.0,Ar-Ar+,ion-neutral,8.21635497761289e-15,6.162267468684159e-15,821635.497761289,616226.746868416,0.7500001503677112,1.2,0.85,MurphyTam2014 charge-exchange + Langevin elastic,Uses Aubreton1986 context; elastic represented with capture model
28300.0,e-Ar,electron-neutral,8.942519154041816e-20,8.942519154041816e-20,8.942519154041817,8.942519154041817,1.0,1.0,1.0,Milloy1977 + Frost1964,Omega22 assumed equal to Omega11
28500.0,Ar-Ar,neutral-neutral,1.6421476481802763e-19,1.8701575126411348e-19,16.421476481802763,18.70157512641135,1.1388485771748507,1.15,0.92,Aziz1990_TableI_II + LJ surrogate,HFDTCS2 full scattering integral not yet implemented
28500.0,Ar-Ar+,ion-neutral,8.187474923095403e-15,6.140607410913154e-15,818747.4923095403,614060.7410913154,0.7500001488360714,1.2,0.85,MurphyTam2014 charge-exchange + Langevin elastic,Uses Aubreton1986 context; elastic represented with capture model
28500.0,e-Ar,electron-neutral,8.996615257269576e-20,8.996615257269576e-20,8.996615257269577,8.996615257269577,1.0,1.0,1.0,Milloy1977 + Frost1964,Omega22 assumed equal to Omega11
28700.0,Ar-Ar,neutral-neutral,1.640356036773034e-19,1.8682132906511004e-19,16.40356036773034,18.682132906511004,1.1389071937859998,1.15,0.92,Aziz1990_TableI_II + LJ surrogate,HFDTCS2 full scattering integral not yet implemented
28700.0,Ar-Ar+,ion-neutral,8.15889727883605e-15,6.1191741611879035e-15,815889.727883605,611917.4161187904,0.7500001473312906,1.2,0.85,MurphyTam2014 charge-exchange + Langevin elastic,Uses Aubreton1986 context; elastic represented with capture model
28700.0,e-Ar,electron-neutral,9.05031853895327e-20,9.05031853895327e-20,9.05031853895327,9.05031853895327,1.0,1.0,1.0,Milloy1977 + Frost1964,Omega22 assumed equal to Omega11
28900.0,Ar-Ar,neutral-neutral,1.6385788015815907e-19,1.8662845705302417e-19,16.38578801581591,18.662845705302416,1.138965406319711,1.15,0.92,Aziz1990_TableI_II + LJ surrogate,HFDTCS2 full scattering integral not yet implemented
28900.0,Ar-Ar+,ion-neutral,8.130616803723553e-15,6.097963788665272e-15,813061.6803723553,609796.3788665272,0.7500001458527239,1.2,0.85,MurphyTam2014 charge-exchange + Langevin elastic,Uses Aubreton1986 context; elastic represented with capture model
28900.0,e-Ar,electron-neutral,9.103413936535364e-20,9.103413936535364e-20,9.103413936535365,9.103413936535365,1.0,1.0,1.0,Milloy1977 + Frost1964,Omega22 assumed equal to Omega11
29100.0,Ar-Ar,neutral-neutral,1.636815728949309e-19,1.8643711226732715e-19,16.36815728949309,18.643711226732716,1.139023220329165,1.15,0.92,Aziz1990_TableI_II + LJ surrogate,HFDTCS2 full scattering integral not yet implemented
29100.0,Ar-Ar+,ion-neutral,8.102628382939551e-15,6.076972457222048e-15,810262.8382939552,607697.2457222048,0.7500001443997342,1.2,0.85,MurphyTam2014 charge-exchange + Langevin elastic,Uses Aubreton1986 context; elastic represented with capture model
29100.0,e-Ar,electron-neutral,9.156195011396203e-20,9.156195011396203e-20,9.156195011396203,9.156195011396203,1.0,1.0,1.0,Milloy1977 + Frost1964,Omega22 assumed equal to Omega11
29300.0,Ar-Ar,neutral-neutral,1.6350666098357904e-19,1.8624727224242806e-19,16.350666098357905,18.624727224242804,1.1390806412537093,1.15,0.92,Aziz1990_TableI_II + LJ surrogate,HFDTCS2 full scattering integral not yet implemented
29300.0,Ar-Ar+,ion-neutral,8.074927024072465e-15,6.0561964225405636e-15,807492.7024072466,605619.6422540564,0.7500001429717212,1.2,0.85,MurphyTam2014 charge-exchange + Langevin elastic,Uses Aubreton1986 context; elastic represented with capture model
29300.0,e-Ar,electron-neutral,9.208654304181256e-20,9.208654304181256e-20,9.208654304181257,9.208654304181257,1.0,1.0,1.0,Milloy1977 + Frost1964,Omega22 assumed equal to Omega11
29500.0,Ar-Ar,neutral-neutral,1.6333312396864271e-19,1.8605891499371212e-19,16.333312396864272,18.60589149937121,1.1391376744219524,1.15,0.92,Aziz1990_TableI_II + LJ surrogate,HFDTCS2 full scattering integral not yet implemented
29500.0,Ar-Ar+,ion-neutral,8.047507853376867e-15,6.035632029302904e-15,804750.7853376868,603563.2029302905,0.7500001415680823,1.2,0.85,MurphyTam2014 charge-exchange + Langevin elastic,Uses Aubreton1986 context; elastic represented with capture model
29500.0,e-Ar,electron-neutral,9.260851643359994e-20,9.260851643359994e-20,9.260851643359995,9.260851643359995,1.0,1.0,1.0,Milloy1977 + Frost1964,Omega22 assumed equal to Omega11
29700.0,Ar-Ar,neutral-neutral,1.631609418306499e-19,1.8587201900406486e-19,16.31609418306499,18.587201900406487,1.1391943250547518,1.15,0.92,Aziz1990_TableI_II + LJ surrogate,HFDTCS2 full scattering integral not yet implemented
29700.0,Ar-Ar+,ion-neutral,8.020366112171209e-15,6.015275708489541e-15,802036.6112171209,601527.5708489541,0.7500001401882556,1.2,0.85,MurphyTam2014 charge-exchange + Langevin elastic,Uses Aubreton1986 context; elastic represented with capture model
29700.0,e-Ar,electron-neutral,9.312019334471271e-20,9.312019334471271e-20,9.312019334471271,9.312019334471271,1.0,1.0,1.0,Milloy1977 + Frost1964,Omega22 assumed equal to Omega11
29900.0,Ar-Ar,neutral-neutral,1.6299009497396215e-19,1.8568656321086088e-19,16.299009497396217,18.568656321086088,1.1392505982681003,1.15,0.92,Aziz1990_TableI_II + LJ surrogate,HFDTCS2 full scattering integral not yet implemented
29900.0,Ar-Ar+,ion-neutral,7.993497153368773e-15,5.9951239747772016e-15,799349.7153368774,599512.3974777202,0.7500001388316779,1.2,0.85,MurphyTam2014 charge-exchange + Langevin elastic,Uses Aubreton1986 context; elastic represented with capture model
29900.0,e-Ar,electron-neutral,9.363250330549879e-20,9.363250330549879e-20,9.36325033054988,9.36325033054988,1.0,1.0,1.0,Milloy1977 + Frost1964,Omega22 assumed equal to Omega11
30000.0,Ar-Ar,neutral-neutral,1.6290516626546588e-19,1.8559436892702825e-19,16.290516626546587,18.559436892702827,1.1392785949132433,1.15,0.92,Aziz1990_TableI_II + LJ surrogate,HFDTCS2 full scattering integral not yet implemented
30000.0,Ar-Ar+,ion-neutral,7.980163544843281e-15,5.985123761187328e-15,798016.3544843282,598512.3761187328,0.7500001381619388,1.2,0.85,MurphyTam2014 charge-exchange + Langevin elastic,Uses Aubreton1986 context; elastic represented with capture model
30000.0,e-Ar,electron-neutral,9.388758659096465e-20,9.388758659096465e-20,9.388758659096466,9.388758659096466,1.0,1.0,1.0,Milloy1977 + Frost1964,Omega22 assumed equal to Omega11
